timestamp,datetime,src_ip,dst_ip,src_mac,protocol,src_port,dst_port,length,ttl,encryption_flag,enc_protocol,tls_version,cipher_suite,key_exchange,enc_strength,anomaly_label,anomaly_score
1700000000.0,2023-11-14 22:13:20.000000000,192.168.1.11,93.184.216.34,aa:bb:cc:dd:ee:02,TLS,32021,443,702,64,Encrypted,TLS,TLS 1.2,TLS_ECDHE_RSA_WITH_AES_256_GCM_SHA384,ECDHE,STRONG,Normal,0.18089257124068758
1700000000.484833,2023-11-14 22:13:20.484833002,192.168.1.11,151.101.1.140,aa:bb:cc:dd:ee:02,SSH,53144,22,724,64,Encrypted,SSH,TLS 1.3,TLS_AES_256_GCM_SHA384,ECDHE,STRONG,Normal,0.06612378766200777
1700000000.586886,2023-11-14 22:13:20.586885929,192.168.1.20,93.184.216.34,aa:bb:cc:dd:ee:01,HTTP,22356,80,128,64,Unencrypted,HTTP,,,,,Normal,0.08479942663735951
1700000000.353047,2023-11-14 22:13:20.353046894,192.168.1.11,1.1.1.1,aa:bb:cc:dd:ee:03,TLS,39036,443,797,64,Encrypted,TLS,TLS 1.3,TLS_AES_128_GCM_SHA256,ECDHE,STRONG,Normal,0.18073545959784765
1700000001.681522,2023-11-14 22:13:21.681521893,192.168.1.30,151.101.1.140,aa:bb:cc:dd:ee:01,HTTP,46741,80,918,64,Unencrypted,HTTP,,,,,Normal,0.1451667347596815
1700000000.630654,2023-11-14 22:13:20.630654097,192.168.1.11,172.217.0.0,aa:bb:cc:dd:ee:01,DNS,43624,53,70,64,Unencrypted,DNS,,,,,Normal,0.11713833770879367
1700000001.840585,2023-11-14 22:13:21.840584993,192.168.1.30,172.217.0.0,aa:bb:cc:dd:ee:02,FTP,36990,21,1467,64,Unencrypted,FTP,,,,,Normal,0.014214662742652595
1700000001.860281,2023-11-14 22:13:21.860280991,10.0.0.5,151.101.1.140,aa:bb:cc:dd:ee:04,HTTP,22813,80,801,64,Unencrypted,HTTP,,,,,Normal,0.12999129880982996
1700000001.901736,2023-11-14 22:13:21.901736021,192.168.1.20,1.1.1.1,aa:bb:cc:dd:ee:01,FTP,30385,21,1499,64,Unencrypted,FTP,,,,,Normal,0.0012556334167814764
1700000001.609062,2023-11-14 22:13:21.609061956,192.168.1.10,8.8.8.8,aa:bb:cc:dd:ee:02,DNS,49453,53,72,64,Unencrypted,DNS,,,,,Normal,0.06340783055080246
1700000000.7663,2023-11-14 22:13:20.766299963,192.168.1.11,1.1.1.1,aa:bb:cc:dd:ee:05,HTTP,33229,80,1020,64,Unencrypted,HTTP,,,,,Normal,0.12568499099184471
1700000004.852081,2023-11-14 22:13:24.852081060,192.168.1.20,1.1.1.1,aa:bb:cc:dd:ee:01,DNS,28358,53,74,64,Unencrypted,DNS,,,,,Normal,0.08307713584722631
1700000001.264713,2023-11-14 22:13:21.264713048,10.0.0.5,151.101.1.140,aa:bb:cc:dd:ee:04,DNS,18801,53,72,64,Unencrypted,DNS,,,,,Normal,0.06938610481527263
1700000003.410742,2023-11-14 22:13:23.410742044,192.168.1.30,93.184.216.34,aa:bb:cc:dd:ee:05,TLS,63133,443,81,64,Encrypted,TLS,TLS 1.3,TLS_AES_256_GCM_SHA384,ECDHE,STRONG,Normal,0.09235594592241148
1700000001.894154,2023-11-14 22:13:21.894154072,192.168.1.20,93.184.216.34,aa:bb:cc:dd:ee:05,SSH,41616,22,766,64,Encrypted,SSH,TLS 1.2,TLS_ECDHE_RSA_WITH_AES_256_GCM_SHA384,ECDHE,STRONG,Normal,0.08483785279081535
1700000002.334964,2023-11-14 22:13:22.334964037,192.168.1.11,1.1.1.1,aa:bb:cc:dd:ee:02,TLS,32809,443,151,64,Encrypted,TLS,TLS 1.2,TLS_ECDHE_RSA_WITH_AES_256_GCM_SHA384,ECDHE,STRONG,Normal,0.15788298154079183
1700000005.959796,2023-11-14 22:13:25.959795952,192.168.1.30,151.101.1.140,aa:bb:cc:dd:ee:02,HTTP,19701,80,711,64,Unencrypted,HTTP,,,,,Normal,0.12407394555828466
1700000003.690454,2023-11-14 22:13:23.690454006,192.168.1.11,8.8.8.8,aa:bb:cc:dd:ee:02,DNS,40177,53,74,64,Unencrypted,DNS,,,,,Normal,0.08247088201004249
1700000003.82076,2023-11-14 22:13:23.820760012,192.168.1.10,172.217.0.0,aa:bb:cc:dd:ee:05,TLS,5983,443,661,64,Encrypted,TLS,TLS 1.2,TLS_RSA_WITH_AES_256_CBC_SHA256,RSA,MODERATE,Normal,0.16085832150641421
1700000001.619447,2023-11-14 22:13:21.619446993,192.168.1.30,93.184.216.34,aa:bb:cc:dd:ee:04,HTTP,60315,80,595,64,Unencrypted,HTTP,,,,,Normal,0.11601620054444706
1700000005.534426,2023-11-14 22:13:25.534425974,192.168.1.20,1.1.1.1,aa:bb:cc:dd:ee:03,VPN,12166,1194,878,64,Encrypted,VPN,TLS 1.3,TLS_AES_256_GCM_SHA384,ECDHE,STRONG,Anomaly,-0.020780855074606808
1700000002.255937,2023-11-14 22:13:22.255937099,192.168.1.20,1.1.1.1,aa:bb:cc:dd:ee:01,FTP,41730,21,539,64,Unencrypted,FTP,,,,,Normal,0.053002077892795985
1700000007.507523,2023-11-14 22:13:27.507523060,192.168.1.30,172.217.0.0,aa:bb:cc:dd:ee:04,FTP,47276,21,1137,64,Unencrypted,FTP,,,,,Normal,0.0441040166765887
1700000007.350488,2023-11-14 22:13:27.350487947,192.168.1.20,172.217.0.0,aa:bb:cc:dd:ee:01,TLS,51971,443,1472,64,Encrypted,TLS,TLS 1.3,TLS_AES_128_GCM_SHA256,ECDHE,STRONG,Normal,0.10217466166588718
1700000003.078303,2023-11-14 22:13:23.078303099,192.168.1.20,8.8.8.8,aa:bb:cc:dd:ee:03,FTP,57310,21,444,64,Unencrypted,FTP,,,,,Normal,0.021456554747672052
1700000003.206512,2023-11-14 22:13:23.206511974,192.168.1.20,93.184.216.34,aa:bb:cc:dd:ee:01,VPN,64069,1194,821,64,Encrypted,VPN,TLS 1.3,TLS_AES_256_GCM_SHA384,ECDHE,STRONG,Anomaly,-0.036504960166221956
1700000004.82826,2023-11-14 22:13:24.828259945,192.168.1.10,1.1.1.1,aa:bb:cc:dd:ee:04,DNS,16656,53,70,64,Unencrypted,DNS,,,,,Normal,0.08863153823873637
1700000001.656963,2023-11-14 22:13:21.656963110,192.168.1.20,172.217.0.0,aa:bb:cc:dd:ee:04,HTTP,45290,80,973,64,Unencrypted,HTTP,,,,,Normal,0.14043823881534767
1700000010.876532,2023-11-14 22:13:30.876532078,192.168.1.11,151.101.1.140,aa:bb:cc:dd:ee:01,FTP,57214,21,633,64,Unencrypted,FTP,,,,,Normal,0.02918879001958763
1700000006.768205,2023-11-14 22:13:26.768204927,192.168.1.20,1.1.1.1,aa:bb:cc:dd:ee:04,HTTP,45913,80,432,64,Unencrypted,HTTP,,,,,Normal,0.1312493377398407
1700000005.151818,2023-11-14 22:13:25.151818037,192.168.1.10,8.8.8.8,aa:bb:cc:dd:ee:04,TLS,16492,443,1231,64,Encrypted,TLS,TLS 1.3,TLS_AES_256_GCM_SHA384,ECDHE,STRONG,Normal,0.17671432017291544
1700000008.844679,2023-11-14 22:13:28.844679117,10.0.0.5,151.101.1.140,aa:bb:cc:dd:ee:03,VPN,2455,1194,1345,64,Encrypted,VPN,TLS 1.3,TLS_CHACHA20_POLY1305_SHA256,ECDHE,STRONG,Anomaly,-0.05377807294263304
1700000012.412214,2023-11-14 22:13:32.412214041,192.168.1.30,172.217.0.0,aa:bb:cc:dd:ee:02,TLS,54714,443,1149,64,Encrypted,TLS,TLS 1.3,TLS_AES_256_GCM_SHA384,ECDHE,STRONG,Normal,0.15048695704292364
1700000012.425952,2023-11-14 22:13:32.425951958,10.0.0.5,8.8.8.8,aa:bb:cc:dd:ee:03,SSH,22905,22,706,64,Encrypted,SSH,TLS 1.3,TLS_AES_256_GCM_SHA384,ECDHE,STRONG,Normal,0.09015398869056723
1700000003.136758,2023-11-14 22:13:23.136758089,192.168.1.11,151.101.1.140,aa:bb:cc:dd:ee:05,TLS,7699,443,54,64,Encrypted,TLS,TLS 1.2,TLS_ECDHE_RSA_WITH_AES_256_GCM_SHA384,ECDHE,STRONG,Normal,0.10931612674623947
1700000002.579629,2023-11-14 22:13:22.579628944,192.168.1.30,93.184.216.34,aa:bb:cc:dd:ee:05,TLS,6995,443,339,64,Encrypted,TLS,TLS 1.3,TLS_CHACHA20_POLY1305_SHA256,ECDHE,STRONG,Normal,0.15146323565259245
1700000002.481082,2023-11-14 22:13:22.481081963,10.0.0.5,151.101.1.140,aa:bb:cc:dd:ee:03,DNS,26140,53,70,64,Unencrypted,DNS,,,,,Normal,0.10082411631904431
1700000011.043555,2023-11-14 22:13:31.043555021,10.0.0.5,1.1.1.1,aa:bb:cc:dd:ee:05,HTTP,38866,80,333,64,Unencrypted,HTTP,,,,,Normal,0.11801173140863686
1700000013.241142,2023-11-14 22:13:33.241142035,192.168.1.30,93.184.216.34,aa:bb:cc:dd:ee:05,DNS,9859,53,70,64,Unencrypted,DNS,,,,,Normal,0.11214451104980738
1700000004.469948,2023-11-14 22:13:24.469948053,192.168.1.30,1.1.1.1,aa:bb:cc:dd:ee:05,FTP,56438,21,1100,64,Unencrypted,FTP,,,,,Normal,0.02597033104228741
1700000012.88626,2023-11-14 22:13:32.886260033,192.168.1.11,93.184.216.34,aa:bb:cc:dd:ee:02,TLS,59618,443,197,64,Encrypted,TLS,TLS 1.3,TLS_AES_256_GCM_SHA384,ECDHE,STRONG,Normal,0.12123026553698435
1700000005.875723,2023-11-14 22:13:25.875722885,10.0.0.5,93.184.216.34,aa:bb:cc:dd:ee:01,ICMP,0,0,1113,64,Unencrypted,ICMP,,,,,Normal,0.05230981063519491
1700000007.26774,2023-11-14 22:13:27.267740011,192.168.1.10,151.101.1.140,aa:bb:cc:dd:ee:01,TLS,22807,443,1399,64,Encrypted,TLS,TLS 1.3,TLS_CHACHA20_POLY1305_SHA256,ECDHE,STRONG,Normal,0.15231028309690015
1700000016.590121,2023-11-14 22:13:36.590121031,192.168.1.30,8.8.8.8,aa:bb:cc:dd:ee:05,FTP,9465,21,191,64,Unencrypted,FTP,,,,,Normal,0.03950199523575437
1700000017.928837,2023-11-14 22:13:37.928837061,192.168.1.10,172.217.0.0,aa:bb:cc:dd:ee:04,TLS,25120,443,485,64,Encrypted,TLS,TLS 1.2,TLS_ECDHE_RSA_WITH_AES_128_GCM_SHA256,ECDHE,STRONG,Normal,0.181544132766719
1700000003.903634,2023-11-14 22:13:23.903634071,10.0.0.5,1.1.1.1,aa:bb:cc:dd:ee:01,DNS,8874,53,70,64,Unencrypted,DNS,,,,,Normal,0.11297839640924767
1700000007.292793,2023-11-14 22:13:27.292793036,192.168.1.11,172.217.0.0,aa:bb:cc:dd:ee:05,TLS,12295,443,650,64,Encrypted,TLS,TLS 1.3,TLS_AES_256_GCM_SHA384,ECDHE,STRONG,Normal,0.1738423610038774
1700000006.385366,2023-11-14 22:13:26.385365963,192.168.1.11,1.1.1.1,aa:bb:cc:dd:ee:03,FTP,12315,21,771,64,Unencrypted,FTP,,,,,Normal,0.0578554404769106
1700000003.209078,2023-11-14 22:13:23.209078074,192.168.1.10,8.8.8.8,aa:bb:cc:dd:ee:05,TLS,3420,443,1300,64,Encrypted,TLS,TLS 1.2,TLS_ECDHE_RSA_WITH_AES_128_GCM_SHA256,ECDHE,STRONG,Normal,0.12099060037640347
1700000008.711312,2023-11-14 22:13:28.711312056,192.168.1.30,1.1.1.1,aa:bb:cc:dd:ee:04,TLS,34946,443,1083,64,Encrypted,TLS,TLS 1.2,TLS_ECDHE_RSA_WITH_AES_256_GCM_SHA384,ECDHE,STRONG,Normal,0.1766720620659442
1700000003.318792,2023-11-14 22:13:23.318792105,192.168.1.30,93.184.216.34,aa:bb:cc:dd:ee:02,DNS,15601,53,70,64,Unencrypted,DNS,,,,,Normal,0.0941661760449446
1700000009.875361,2023-11-14 22:13:29.875360966,192.168.1.10,172.217.0.0,aa:bb:cc:dd:ee:05,SSH,61169,22,1449,64,Encrypted,SSH,TLS 1.3,TLS_AES_128_GCM_SHA256,ECDHE,STRONG,Normal,0.001788880904619372
1700000015.845698,2023-11-14 22:13:35.845698118,192.168.1.30,172.217.0.0,aa:bb:cc:dd:ee:04,DNS,4086,53,70,64,Unencrypted,DNS,,,,,Normal,0.07712552560378783
1700000018.546262,2023-11-14 22:13:38.546262026,192.168.1.20,8.8.8.8,aa:bb:cc:dd:ee:01,TLS,40822,443,246,64,Encrypted,TLS,TLS 1.3,TLS_AES_256_GCM_SHA384,ECDHE,STRONG,Normal,0.16048557789706136
1700000002.393232,2023-11-14 22:13:22.393232107,192.168.1.10,1.1.1.1,aa:bb:cc:dd:ee:03,TLS,18256,443,1340,64,Encrypted,TLS,TLS 1.0,TLS_RSA_WITH_DES_CBC_SHA,RSA,WEAK,Normal,0.15630831698847003
1700000025.85723,2023-11-14 22:13:45.857229948,192.168.1.11,8.8.8.8,aa:bb:cc:dd:ee:02,HTTP,4382,80,454,64,Unencrypted,HTTP,,,,,Normal,0.08604877784191123
1700000000.591685,2023-11-14 22:13:20.591685057,192.168.1.10,1.1.1.1,aa:bb:cc:dd:ee:02,TLS,64544,443,1156,64,Encrypted,TLS,TLS 1.3,TLS_AES_128_GCM_SHA256,ECDHE,STRONG,Normal,0.08734793992692835
1700000024.774843,2023-11-14 22:13:44.774842978,192.168.1.20,172.217.0.0,aa:bb:cc:dd:ee:05,TLS,16696,443,1291,64,Encrypted,TLS,TLS 1.3,TLS_AES_256_GCM_SHA384,ECDHE,STRONG,Normal,0.16896330448603403
1700000013.258464,2023-11-14 22:13:33.258464097,192.168.1.11,1.1.1.1,aa:bb:cc:dd:ee:04,HTTP,58431,80,438,64,Unencrypted,HTTP,,,,,Normal,0.11093667842925392
1700000026.083463,2023-11-14 22:13:46.083462954,192.168.1.11,8.8.8.8,aa:bb:cc:dd:ee:01,TLS,51496,443,242,64,Encrypted,TLS,TLS 1.3,TLS_AES_256_GCM_SHA384,ECDHE,STRONG,Normal,0.15662980647893954
1700000022.735823,2023-11-14 22:13:42.735822916,192.168.1.11,1.1.1.1,aa:bb:cc:dd:ee:05,DNS,36485,53,72,64,Unencrypted,DNS,,,,,Normal,0.06860016652796264
1700000024.849396,2023-11-14 22:13:44.849395990,10.0.0.5,8.8.8.8,aa:bb:cc:dd:ee:04,SSH,5120,22,536,64,Encrypted,SSH,TLS 1.2,TLS_ECDHE_RSA_WITH_AES_128_GCM_SHA256,ECDHE,STRONG,Normal,0.061809432241394235
1700000004.752907,2023-11-14 22:13:24.752907038,192.168.1.30,151.101.1.140,aa:bb:cc:dd:ee:05,HTTP,49412,80,979,64,Unencrypted,HTTP,,,,,Normal,0.13780883963457213
1700000026.56438,2023-11-14 22:13:46.564379930,192.168.1.20,93.184.216.34,aa:bb:cc:dd:ee:03,TLS,22805,443,1186,64,Encrypted,TLS,TLS 1.2,TLS_ECDHE_RSA_WITH_AES_256_GCM_SHA384,ECDHE,STRONG,Normal,0.1767998180419479
1700000017.098405,2023-11-14 22:13:37.098404884,192.168.1.11,8.8.8.8,aa:bb:cc:dd:ee:04,TLS,32828,443,95,64,Encrypted,TLS,TLS 1.2,TLS_ECDHE_RSA_WITH_AES_128_GCM_SHA256,ECDHE,STRONG,Normal,0.14655761174124227
1700000020.492686,2023-11-14 22:13:40.492686033,192.168.1.11,1.1.1.1,aa:bb:cc:dd:ee:02,HTTP,19699,80,862,64,Unencrypted,HTTP,,,,,Normal,0.12993285155756834
1700000022.04843,2023-11-14 22:13:42.048429966,192.168.1.30,8.8.8.8,aa:bb:cc:dd:ee:05,DNS,30267,53,70,64,Unencrypted,DNS,,,,,Normal,0.11404392075753322
1700000015.129524,2023-11-14 22:13:35.129523993,192.168.1.30,1.1.1.1,aa:bb:cc:dd:ee:01,FTP,10309,21,986,64,Unencrypted,FTP,,,,,Normal,0.057560128074576
1700000032.554038,2023-11-14 22:13:52.554038048,192.168.1.20,151.101.1.140,aa:bb:cc:dd:ee:04,HTTP,62861,80,450,64,Unencrypted,HTTP,,,,,Normal,0.09785077840167278
1700000015.952907,2023-11-14 22:13:35.952907085,192.168.1.20,151.101.1.140,aa:bb:cc:dd:ee:01,SSH,17713,22,1484,64,Encrypted,SSH,TLS 1.2,TLS_ECDHE_RSA_WITH_AES_256_GCM_SHA384,ECDHE,STRONG,Normal,0.02647704819042318
1700000023.703624,2023-11-14 22:13:43.703624010,192.168.1.11,1.1.1.1,aa:bb:cc:dd:ee:03,TLS,39932,443,82,64,Encrypted,TLS,TLS 1.3,TLS_CHACHA20_POLY1305_SHA256,ECDHE,STRONG,Normal,0.1391747759960959
1700000020.532506,2023-11-14 22:13:40.532505989,192.168.1.20,1.1.1.1,aa:bb:cc:dd:ee:03,TLS,48566,443,510,64,Encrypted,TLS,SSL 3.0,TLS_RSA_WITH_3DES_EDE_CBC_SHA,RSA,WEAK,Normal,0.16235222724649295
1700000010.927236,2023-11-14 22:13:30.927236080,10.0.0.5,172.217.0.0,aa:bb:cc:dd:ee:05,HTTP,50633,80,490,64,Unencrypted,HTTP,,,,,Normal,0.12298792318525309
1700000015.634423,2023-11-14 22:13:35.634423018,192.168.1.30,93.184.216.34,aa:bb:cc:dd:ee:01,TLS,7497,443,1376,64,Encrypted,TLS,TLS 1.3,TLS_AES_128_GCM_SHA256,ECDHE,STRONG,Normal,0.13157098966498676
1700000031.854004,2023-11-14 22:13:51.854003906,10.0.0.5,1.1.1.1,aa:bb:cc:dd:ee:02,FTP,51052,21,556,64,Unencrypted,FTP,,,,,Normal,0.043250020924874955
1700000021.271913,2023-11-14 22:13:41.271913052,192.168.1.30,93.184.216.34,aa:bb:cc:dd:ee:04,TLS,3803,443,1493,64,Encrypted,TLS,TLS 1.3,TLS_CHACHA20_POLY1305_SHA256,ECDHE,STRONG,Normal,0.0726954989595926
1700000020.630833,2023-11-14 22:13:40.630832911,192.168.1.11,93.184.216.34,aa:bb:cc:dd:ee:05,HTTP,32162,80,573,64,Unencrypted,HTTP,,,,,Normal,0.12337164244026144
1700000000.776915,2023-11-14 22:13:20.776915073,192.168.1.20,8.8.8.8,aa:bb:cc:dd:ee:03,HTTP,45416,80,1441,64,Unencrypted,HTTP,,,,,Normal,0.09458362488863836
1700000036.623193,2023-11-14 22:13:56.623193026,192.168.1.30,93.184.216.34,aa:bb:cc:dd:ee:03,DNS,52991,53,74,64,Unencrypted,DNS,,,,,Normal,0.058250624922032035
1700000014.196839,2023-11-14 22:13:34.196839094,192.168.1.30,151.101.1.140,aa:bb:cc:dd:ee:02,HTTP,46510,80,1057,64,Unencrypted,HTTP,,,,,Normal,0.13232098185522578
1700000003.234221,2023-11-14 22:13:23.234220982,192.168.1.11,151.101.1.140,aa:bb:cc:dd:ee:05,ICMP,0,0,937,64,Unencrypted,ICMP,,,,,Normal,0.04706400120160881
1700000013.144532,2023-11-14 22:13:33.144531965,192.168.1.10,151.101.1.140,aa:bb:cc:dd:ee:05,TLS,35033,443,287,64,Encrypted,TLS,TLS 1.2,TLS_ECDHE_RSA_WITH_AES_128_GCM_SHA256,ECDHE,STRONG,Normal,0.16753050047809354
1700000021.35928,2023-11-14 22:13:41.359280109,192.168.1.10,172.217.0.0,aa:bb:cc:dd:ee:02,TLS,50547,443,210,64,Encrypted,TLS,TLS 1.2,TLS_ECDHE_RSA_WITH_AES_256_GCM_SHA384,ECDHE,STRONG,Normal,0.1561386047930255
1700000015.105417,2023-11-14 22:13:35.105417013,192.168.1.30,1.1.1.1,aa:bb:cc:dd:ee:01,TLS,20357,443,733,64,Encrypted,TLS,TLS 1.2,TLS_RSA_WITH_AES_256_CBC_SHA256,RSA,MODERATE,Normal,0.18297955719041753
1700000026.825101,2023-11-14 22:13:46.825100899,192.168.1.30,1.1.1.1,aa:bb:cc:dd:ee:01,TLS,37491,443,99,64,Encrypted,TLS,TLS 1.3,TLS_CHACHA20_POLY1305_SHA256,ECDHE,STRONG,Normal,0.1484409814047601
1700000034.877099,2023-11-14 22:13:54.877099037,192.168.1.11,172.217.0.0,aa:bb:cc:dd:ee:03,ICMP,0,0,178,64,Unencrypted,ICMP,,,,,Anomaly,-0.004033113876109051
1700000001.512983,2023-11-14 22:13:21.512983084,192.168.1.20,93.184.216.34,aa:bb:cc:dd:ee:01,HTTP,9157,80,1112,64,Unencrypted,HTTP,,,,,Normal,0.10785684988036293
1700000031.759451,2023-11-14 22:13:51.759450912,192.168.1.30,8.8.8.8,aa:bb:cc:dd:ee:04,ICMP,0,0,420,64,Unencrypted,ICMP,,,,,Normal,0.023772655167026424
1700000009.195173,2023-11-14 22:13:29.195173025,10.0.0.5,172.217.0.0,aa:bb:cc:dd:ee:01,TLS,45470,443,946,64,Encrypted,TLS,TLS 1.2,TLS_ECDHE_RSA_WITH_AES_256_GCM_SHA384,ECDHE,STRONG,Normal,0.16854673410492305
1700000008.105403,2023-11-14 22:13:28.105402946,10.0.0.5,151.101.1.140,aa:bb:cc:dd:ee:01,DNS,29159,53,74,64,Unencrypted,DNS,,,,,Normal,0.08379390031109113
1700000038.959172,2023-11-14 22:13:58.959172010,10.0.0.5,8.8.8.8,aa:bb:cc:dd:ee:02,TLS,16971,443,166,64,Encrypted,TLS,TLS 1.3,TLS_AES_256_GCM_SHA384,ECDHE,STRONG,Normal,0.1485875701907184
1700000041.578623,2023-11-14 22:14:01.578623056,192.168.1.11,8.8.8.8,aa:bb:cc:dd:ee:03,DNS,24696,53,70,64,Unencrypted,DNS,,,,,Normal,0.09601643807771865
1700000016.378202,2023-11-14 22:13:36.378201962,192.168.1.10,1.1.1.1,aa:bb:cc:dd:ee:03,HTTP,58068,80,85,64,Unencrypted,HTTP,,,,,Normal,0.06835348958361986
1700000033.060665,2023-11-14 22:13:53.060664892,192.168.1.20,1.1.1.1,aa:bb:cc:dd:ee:03,DNS,51260,53,70,64,Unencrypted,DNS,,,,,Normal,0.10909819900355955
1700000045.217026,2023-11-14 22:14:05.217025995,192.168.1.11,93.184.216.34,aa:bb:cc:dd:ee:01,FTP,24738,21,1199,64,Unencrypted,FTP,,,,,Normal,0.05079069953310378
1700000015.100312,2023-11-14 22:13:35.100311995,192.168.1.10,151.101.1.140,aa:bb:cc:dd:ee:02,TLS,27163,443,210,64,Encrypted,TLS,TLS 1.3,TLS_AES_256_GCM_SHA384,ECDHE,STRONG,Normal,0.15584664658589187
1700000045.459757,2023-11-14 22:14:05.459757090,192.168.1.10,151.101.1.140,aa:bb:cc:dd:ee:03,ICMP,0,0,1167,64,Unencrypted,ICMP,,,,,Normal,0.039982576638590506
1700000003.001193,2023-11-14 22:13:23.001193047,192.168.1.10,93.184.216.34,aa:bb:cc:dd:ee:03,FTP,18947,21,632,64,Unencrypted,FTP,,,,,Normal,0.05231149817761427
1700000024.494155,2023-11-14 22:13:44.494154930,10.0.0.5,1.1.1.1,aa:bb:cc:dd:ee:04,TLS,24856,443,450,64,Encrypted,TLS,TLS 1.3,TLS_AES_128_GCM_SHA256,ECDHE,STRONG,Normal,0.17896477361941643
1700000034.608816,2023-11-14 22:13:54.608815908,192.168.1.11,8.8.8.8,aa:bb:cc:dd:ee:03,TLS,24105,443,1036,64,Encrypted,TLS,TLS 1.3,TLS_AES_256_GCM_SHA384,ECDHE,STRONG,Normal,0.18756093741358648
1700000045.17446,2023-11-14 22:14:05.174459934,192.168.1.10,1.1.1.1,aa:bb:cc:dd:ee:05,HTTP,4073,80,1375,64,Unencrypted,HTTP,,,,,Normal,0.04572061656093018
1700000004.356173,2023-11-14 22:13:24.356173038,10.0.0.5,172.217.0.0,aa:bb:cc:dd:ee:05,DNS,65516,53,70,64,Unencrypted,DNS,,,,,Normal,0.023828840016564712
1700000009.671562,2023-11-14 22:13:29.671561956,10.0.0.5,8.8.8.8,aa:bb:cc:dd:ee:05,ICMP,0,0,1267,64,Unencrypted,ICMP,,,,,Normal,0.038892924398629236
1700000023.167022,2023-11-14 22:13:43.167021990,192.168.1.10,93.184.216.34,aa:bb:cc:dd:ee:01,DNS,26852,53,74,64,Unencrypted,DNS,,,,,Normal,0.07908502357496128
1700000029.283638,2023-11-14 22:13:49.283638000,192.168.1.30,151.101.1.140,aa:bb:cc:dd:ee:04,TLS,48748,443,512,64,Encrypted,TLS,TLS 1.3,TLS_AES_256_GCM_SHA384,ECDHE,STRONG,Normal,0.16180897242023323
1700000041.25261,2023-11-14 22:14:01.252609968,10.0.0.5,93.184.216.34,aa:bb:cc:dd:ee:03,HTTP,31408,80,916,64,Unencrypted,HTTP,,,,,Normal,0.14046168764798794
1700000010.449444,2023-11-14 22:13:30.449444056,192.168.1.10,1.1.1.1,aa:bb:cc:dd:ee:03,DNS,2895,53,74,64,Unencrypted,DNS,,,,,Normal,0.03475597545785625
1700000010.537445,2023-11-14 22:13:30.537445068,10.0.0.5,8.8.8.8,aa:bb:cc:dd:ee:04,TLS,59755,443,747,64,Encrypted,TLS,TLS 1.3,TLS_AES_256_GCM_SHA384,ECDHE,STRONG,Normal,0.13294304455409162
1700000033.719995,2023-11-14 22:13:53.719995022,192.168.1.30,151.101.1.140,aa:bb:cc:dd:ee:05,TLS,43848,443,1044,64,Encrypted,TLS,TLS 1.3,TLS_AES_128_GCM_SHA256,ECDHE,STRONG,Normal,0.1690971168512107
1700000046.695371,2023-11-14 22:14:06.695370913,10.0.0.5,1.1.1.1,aa:bb:cc:dd:ee:03,TLS,29473,443,1322,64,Encrypted,TLS,TLS 1.2,TLS_ECDHE_RSA_WITH_AES_256_GCM_SHA384,ECDHE,STRONG,Normal,0.15387496422965374
1700000015.48769,2023-11-14 22:13:35.487689972,192.168.1.30,151.101.1.140,aa:bb:cc:dd:ee:03,DNS,54319,53,70,64,Unencrypted,DNS,,,,,Normal,0.10048955501546275
1700000045.241634,2023-11-14 22:14:05.241633892,192.168.1.10,8.8.8.8,aa:bb:cc:dd:ee:05,HTTP,62975,80,572,64,Unencrypted,HTTP,,,,,Normal,0.10322811816321276
1700000048.467338,2023-11-14 22:14:08.467338085,192.168.1.30,1.1.1.1,aa:bb:cc:dd:ee:05,TLS,10817,443,973,64,Encrypted,TLS,TLS 1.3,TLS_AES_128_GCM_SHA256,ECDHE,STRONG,Normal,0.17830436290489587
1700000011.896815,2023-11-14 22:13:31.896815062,192.168.1.20,1.1.1.1,aa:bb:cc:dd:ee:01,TLS,31109,443,915,64,Encrypted,TLS,TLS 1.3,TLS_AES_128_GCM_SHA256,ECDHE,STRONG,Normal,0.18163936644608308
1700000040.661435,2023-11-14 22:14:00.661434889,10.0.0.5,8.8.8.8,aa:bb:cc:dd:ee:04,FTP,45283,21,556,64,Unencrypted,FTP,,,,,Normal,0.0541576707739293
1700000010.573829,2023-11-14 22:13:30.573828936,192.168.1.20,8.8.8.8,aa:bb:cc:dd:ee:03,HTTP,25072,80,1150,64,Unencrypted,HTTP,,,,,Normal,0.12416807292376975
1700000013.46119,2023-11-14 22:13:33.461189985,192.168.1.20,151.101.1.140,aa:bb:cc:dd:ee:03,DNS,64061,53,70,64,Unencrypted,DNS,,,,,Normal,0.037809168699229456
1700000026.934953,2023-11-14 22:13:46.934952974,192.168.1.20,151.101.1.140,aa:bb:cc:dd:ee:01,TLS,49596,443,722,64,Encrypted,TLS,TLS 1.3,TLS_AES_256_GCM_SHA384,ECDHE,STRONG,Normal,0.16785862824863967
1700000016.595876,2023-11-14 22:13:36.595875978,192.168.1.11,8.8.8.8,aa:bb:cc:dd:ee:01,DNS,61663,53,72,64,Unencrypted,DNS,,,,,Normal,0.028805786326465688
1700000001.489599,2023-11-14 22:13:21.489598989,192.168.1.20,151.101.1.140,aa:bb:cc:dd:ee:02,TLS,42817,443,1264,64,Encrypted,TLS,TLS 1.3,TLS_AES_128_GCM_SHA256,ECDHE,STRONG,Normal,0.1630178221953162
1700000015.067801,2023-11-14 22:13:35.067800999,10.0.0.5,172.217.0.0,aa:bb:cc:dd:ee:02,HTTP,2685,80,558,64,Unencrypted,HTTP,,,,,Normal,0.0727726800408498
1700000020.962484,2023-11-14 22:13:40.962483883,192.168.1.11,151.101.1.140,aa:bb:cc:dd:ee:02,TLS,48637,443,1275,64,Encrypted,TLS,TLS 1.0,TLS_RSA_WITH_RC4_128_SHA,RSA,WEAK,Normal,0.15358490778683387
1700000026.757714,2023-11-14 22:13:46.757714033,10.0.0.5,1.1.1.1,aa:bb:cc:dd:ee:05,TLS,65082,443,54,64,Encrypted,TLS,TLS 1.2,TLS_ECDHE_RSA_WITH_AES_256_GCM_SHA384,ECDHE,STRONG,Normal,0.06682064473803317
1700000046.292948,2023-11-14 22:14:06.292948008,10.0.0.5,172.217.0.0,aa:bb:cc:dd:ee:05,TLS,2322,443,289,64,Encrypted,TLS,TLS 1.2,TLS_ECDHE_RSA_WITH_AES_256_GCM_SHA384,ECDHE,STRONG,Normal,0.11662763204945248
1700000044.823491,2023-11-14 22:14:04.823491096,192.168.1.11,1.1.1.1,aa:bb:cc:dd:ee:05,ICMP,0,0,785,64,Unencrypted,ICMP,,,,,Normal,0.049948407475733037
1700000047.979146,2023-11-14 22:14:07.979146004,192.168.1.20,172.217.0.0,aa:bb:cc:dd:ee:03,DNS,31384,53,70,64,Unencrypted,DNS,,,,,Normal,0.11019009176552552
1700000007.562119,2023-11-14 22:13:27.562119007,192.168.1.30,151.101.1.140,aa:bb:cc:dd:ee:05,TLS,52458,443,944,64,Encrypted,TLS,TLS 1.3,TLS_AES_256_GCM_SHA384,ECDHE,STRONG,Normal,0.16294974237302373
1700000049.56296,2023-11-14 22:14:09.562959909,192.168.1.10,151.101.1.140,aa:bb:cc:dd:ee:04,DNS,48003,53,74,64,Unencrypted,DNS,,,,,Normal,0.07004223737332471
1700000005.036052,2023-11-14 22:13:25.036051989,192.168.1.30,93.184.216.34,aa:bb:cc:dd:ee:02,SSH,41825,22,158,64,Encrypted,SSH,TLS 1.2,TLS_ECDHE_RSA_WITH_AES_256_GCM_SHA384,ECDHE,STRONG,Normal,0.037730429412889066
1700000010.857833,2023-11-14 22:13:30.857832909,10.0.0.5,151.101.1.140,aa:bb:cc:dd:ee:01,DNS,39345,53,74,64,Unencrypted,DNS,,,,,Normal,0.08040896874864512
1700000039.923452,2023-11-14 22:13:59.923451900,192.168.1.10,93.184.216.34,aa:bb:cc:dd:ee:02,TLS,64156,443,261,64,Encrypted,TLS,TLS 1.3,TLS_AES_256_GCM_SHA384,ECDHE,STRONG,Normal,0.09843434828173414
1700000041.143971,2023-11-14 22:14:01.143970966,192.168.1.11,93.184.216.34,aa:bb:cc:dd:ee:05,DNS,56042,53,70,64,Unencrypted,DNS,,,,,Normal,0.08727378089077564
1700000030.204995,2023-11-14 22:13:50.204994917,192.168.1.11,151.101.1.140,aa:bb:cc:dd:ee:04,VPN,4764,1194,459,64,Encrypted,VPN,TLS 1.3,TLS_AES_128_GCM_SHA256,ECDHE,STRONG,Anomaly,-0.029815121222169894
1700000035.316175,2023-11-14 22:13:55.316174984,192.168.1.11,93.184.216.34,aa:bb:cc:dd:ee:01,HTTP,16573,80,1281,64,Unencrypted,HTTP,,,,,Normal,0.09980056513017677
1700000021.923843,2023-11-14 22:13:41.923842907,192.168.1.10,172.217.0.0,aa:bb:cc:dd:ee:04,DNS,19171,53,74,64,Unencrypted,DNS,,,,,Normal,0.06678144079980719
1700000038.007122,2023-11-14 22:13:58.007122040,192.168.1.20,151.101.1.140,aa:bb:cc:dd:ee:02,TLS,25358,443,543,64,Encrypted,TLS,SSL 3.0,TLS_RSA_WITH_3DES_EDE_CBC_SHA,RSA,WEAK,Normal,0.17997543583373804
1700000006.183714,2023-11-14 22:13:26.183713913,192.168.1.11,8.8.8.8,aa:bb:cc:dd:ee:05,HTTP,45065,80,1457,64,Unencrypted,HTTP,,,,,Normal,0.08959010213145424
1700000032.956595,2023-11-14 22:13:52.956594944,192.168.1.20,1.1.1.1,aa:bb:cc:dd:ee:04,HTTP,49416,80,802,64,Unencrypted,HTTP,,,,,Normal,0.13566816842515206
1700000062.21603,2023-11-14 22:14:22.216029882,10.0.0.5,1.1.1.1,aa:bb:cc:dd:ee:05,HTTP,8804,80,502,64,Unencrypted,HTTP,,,,,Normal,0.10940272870407386
1700000022.291885,2023-11-14 22:13:42.291884899,10.0.0.5,172.217.0.0,aa:bb:cc:dd:ee:01,TLS,52822,443,1255,64,Encrypted,TLS,TLS 1.2,TLS_ECDHE_RSA_WITH_AES_256_GCM_SHA384,ECDHE,STRONG,Normal,0.15123854742886844
1700000030.543894,2023-11-14 22:13:50.543894053,192.168.1.20,8.8.8.8,aa:bb:cc:dd:ee:05,HTTP,23792,80,302,64,Unencrypted,HTTP,,,,,Normal,0.10636568578891703
1700000007.622615,2023-11-14 22:13:27.622615099,10.0.0.5,1.1.1.1,aa:bb:cc:dd:ee:02,HTTP,9479,80,944,64,Unencrypted,HTTP,,,,,Normal,0.11923342424283051
1700000035.628931,2023-11-14 22:13:55.628931046,192.168.1.10,151.101.1.140,aa:bb:cc:dd:ee:03,DNS,45610,53,72,64,Unencrypted,DNS,,,,,Normal,0.06645962549426065
1700000027.48094,2023-11-14 22:13:47.480940104,192.168.1.20,1.1.1.1,aa:bb:cc:dd:ee:04,VPN,1083,1194,54,64,Encrypted,VPN,TLS 1.3,TLS_CHACHA20_POLY1305_SHA256,ECDHE,STRONG,Anomaly,-0.0785792718288092
1700000022.470176,2023-11-14 22:13:42.470175982,192.168.1.11,93.184.216.34,aa:bb:cc:dd:ee:05,DNS,60511,53,70,64,Unencrypted,DNS,,,,,Normal,0.05626811710802837
1700000057.267829,2023-11-14 22:14:17.267828941,192.168.1.10,93.184.216.34,aa:bb:cc:dd:ee:03,TLS,31302,443,991,64,Encrypted,TLS,TLS 1.2,TLS_ECDHE_RSA_WITH_AES_256_GCM_SHA384,ECDHE,STRONG,Normal,0.1828611404350281
1700000021.027435,2023-11-14 22:13:41.027435064,10.0.0.5,93.184.216.34,aa:bb:cc:dd:ee:04,HTTP,17145,80,1390,64,Unencrypted,HTTP,,,,,Normal,0.07937724530583434
1700000020.889968,2023-11-14 22:13:40.889967918,192.168.1.11,172.217.0.0,aa:bb:cc:dd:ee:02,TLS,24310,443,1400,64,Encrypted,TLS,TLS 1.2,TLS_ECDHE_RSA_WITH_AES_128_GCM_SHA256,ECDHE,STRONG,Normal,0.14938895439469113
1700000052.209138,2023-11-14 22:14:12.209137917,192.168.1.30,8.8.8.8,aa:bb:cc:dd:ee:04,FTP,15109,21,89,64,Unencrypted,FTP,,,,,Normal,0.024093010694065664
1700000023.697926,2023-11-14 22:13:43.697926044,10.0.0.5,151.101.1.140,aa:bb:cc:dd:ee:05,TLS,54880,443,939,64,Encrypted,TLS,TLS 1.2,TLS_ECDHE_RSA_WITH_AES_128_GCM_SHA256,ECDHE,STRONG,Normal,0.15464479933984954
1700000036.708286,2023-11-14 22:13:56.708286047,192.168.1.11,172.217.0.0,aa:bb:cc:dd:ee:03,TLS,5872,443,982,64,Encrypted,TLS,TLS 1.3,TLS_AES_256_GCM_SHA384,ECDHE,STRONG,Normal,0.1631088120500852
1700000003.214937,2023-11-14 22:13:23.214936972,192.168.1.11,151.101.1.140,aa:bb:cc:dd:ee:05,TLS,20626,443,1005,64,Encrypted,TLS,TLS 1.3,TLS_AES_256_GCM_SHA384,ECDHE,STRONG,Normal,0.18736940837035887
1700000029.403336,2023-11-14 22:13:49.403336048,192.168.1.10,172.217.0.0,aa:bb:cc:dd:ee:03,SSH,18571,22,321,64,Encrypted,SSH,TLS 1.3,TLS_AES_128_GCM_SHA256,ECDHE,STRONG,Normal,0.06795379258639755
1700000067.833256,2023-11-14 22:14:27.833256006,192.168.1.30,151.101.1.140,aa:bb:cc:dd:ee:02,DNS,39530,53,74,64,Unencrypted,DNS,,,,,Normal,0.08217210030051025
1700000069.424222,2023-11-14 22:14:29.424221992,192.168.1.20,8.8.8.8,aa:bb:cc:dd:ee:04,TLS,34050,443,305,64,Encrypted,TLS,TLS 1.3,TLS_AES_128_GCM_SHA256,ECDHE,STRONG,Normal,0.1651129684227743
1700000047.938208,2023-11-14 22:14:07.938208103,192.168.1.20,1.1.1.1,aa:bb:cc:dd:ee:02,SSH,45561,22,1058,64,Encrypted,SSH,TLS 1.3,TLS_AES_256_GCM_SHA384,ECDHE,STRONG,Normal,0.059420457151264094
1700000029.170104,2023-11-14 22:13:49.170104027,192.168.1.11,172.217.0.0,aa:bb:cc:dd:ee:03,DNS,29536,53,70,64,Unencrypted,DNS,,,,,Normal,0.11234143179398981
1700000022.431931,2023-11-14 22:13:42.431931019,10.0.0.5,1.1.1.1,aa:bb:cc:dd:ee:03,DNS,65343,53,70,64,Unencrypted,DNS,,,,,Normal,0.028251430475119688
1700000018.869724,2023-11-14 22:13:38.869724035,192.168.1.30,8.8.8.8,aa:bb:cc:dd:ee:05,TLS,12122,443,425,64,Encrypted,TLS,TLS 1.0,TLS_RSA_WITH_DES_CBC_SHA,RSA,WEAK,Normal,0.16786198557922116
1700000026.605882,2023-11-14 22:13:46.605881929,192.168.1.30,1.1.1.1,aa:bb:cc:dd:ee:04,TLS,48253,443,1230,64,Encrypted,TLS,TLS 1.2,TLS_RSA_WITH_AES_256_CBC_SHA256,RSA,MODERATE,Normal,0.15599453809604696
1700000023.434366,2023-11-14 22:13:43.434365988,192.168.1.30,172.217.0.0,aa:bb:cc:dd:ee:03,VPN,62957,1194,786,64,Encrypted,VPN,TLS 1.3,TLS_AES_128_GCM_SHA256,ECDHE,STRONG,Anomaly,-0.033279585754150465
1700000049.283656,2023-11-14 22:14:09.283655882,192.168.1.11,1.1.1.1,aa:bb:cc:dd:ee:05,DNS,9072,53,70,64,Unencrypted,DNS,,,,,Normal,0.11246733759829342
1700000022.53016,2023-11-14 22:13:42.530159950,192.168.1.11,151.101.1.140,aa:bb:cc:dd:ee:02,DNS,48569,53,70,64,Unencrypted,DNS,,,,,Normal,0.11216909409028175
1700000077.355025,2023-11-14 22:14:37.355025053,10.0.0.5,172.217.0.0,aa:bb:cc:dd:ee:02,TLS,4683,443,154,64,Encrypted,TLS,TLS 1.2,TLS_ECDHE_RSA_WITH_AES_256_GCM_SHA384,ECDHE,STRONG,Normal,0.12170556358070539
1700000076.687251,2023-11-14 22:14:36.687251091,192.168.1.20,151.101.1.140,aa:bb:cc:dd:ee:03,TLS,16956,443,1130,64,Encrypted,TLS,TLS 1.3,TLS_AES_128_GCM_SHA256,ECDHE,STRONG,Normal,0.17715339256018653
1700000042.553205,2023-11-14 22:14:02.553205013,192.168.1.10,8.8.8.8,aa:bb:cc:dd:ee:03,TLS,15067,443,1271,64,Encrypted,TLS,TLS 1.0,TLS_RSA_WITH_RC4_128_SHA,RSA,WEAK,Normal,0.17017411843671226
1700000050.957279,2023-11-14 22:14:10.957278967,192.168.1.10,172.217.0.0,aa:bb:cc:dd:ee:04,ICMP,0,0,1368,64,Unencrypted,ICMP,,,,,Anomaly,-0.012521695064051097
1700000059.062578,2023-11-14 22:14:19.062577963,192.168.1.30,93.184.216.34,aa:bb:cc:dd:ee:01,TLS,5634,443,1235,64,Encrypted,TLS,TLS 1.3,TLS_CHACHA20_POLY1305_SHA256,ECDHE,STRONG,Normal,0.1472984799639041
1700000074.098164,2023-11-14 22:14:34.098164082,192.168.1.10,151.101.1.140,aa:bb:cc:dd:ee:05,TLS,38360,443,392,64,Encrypted,TLS,TLS 1.3,TLS_AES_128_GCM_SHA256,ECDHE,STRONG,Normal,0.17367076902033385
1700000024.821433,2023-11-14 22:13:44.821433067,192.168.1.20,151.101.1.140,aa:bb:cc:dd:ee:02,TLS,50340,443,91,64,Encrypted,TLS,TLS 1.3,TLS_AES_256_GCM_SHA384,ECDHE,STRONG,Normal,0.14236645325406894
1700000077.786174,2023-11-14 22:14:37.786174059,192.168.1.11,172.217.0.0,aa:bb:cc:dd:ee:01,HTTP,60297,80,1208,64,Unencrypted,HTTP,,,,,Normal,0.09373021120723035
1700000043.967768,2023-11-14 22:14:03.967767954,192.168.1.11,172.217.0.0,aa:bb:cc:dd:ee:01,HTTP,62154,80,521,64,Unencrypted,HTTP,,,,,Normal,0.0992091771192879
1700000083.73615,2023-11-14 22:14:43.736150026,192.168.1.10,151.101.1.140,aa:bb:cc:dd:ee:03,TLS,12996,443,932,64,Encrypted,TLS,TLS 1.3,TLS_CHACHA20_POLY1305_SHA256,ECDHE,STRONG,Normal,0.18191637789949816
1700000041.819218,2023-11-14 22:14:01.819217920,192.168.1.30,172.217.0.0,aa:bb:cc:dd:ee:02,TLS,22998,443,150,64,Encrypted,TLS,TLS 1.3,TLS_AES_128_GCM_SHA256,ECDHE,STRONG,Normal,0.15555958311495682
1700000021.314698,2023-11-14 22:13:41.314697981,192.168.1.20,172.217.0.0,aa:bb:cc:dd:ee:02,DNS,8036,53,74,64,Unencrypted,DNS,,,,,Normal,0.054487736197874836
1700000003.977431,2023-11-14 22:13:23.977431059,192.168.1.30,8.8.8.8,aa:bb:cc:dd:ee:02,TLS,11051,443,68,64,Encrypted,TLS,TLS 1.3,TLS_CHACHA20_POLY1305_SHA256,ECDHE,STRONG,Normal,0.1214430667474794
1700000014.828084,2023-11-14 22:13:34.828083992,192.168.1.11,93.184.216.34,aa:bb:cc:dd:ee:03,TLS,55466,443,1183,64,Encrypted,TLS,TLS 1.2,TLS_RSA_WITH_AES_256_CBC_SHA256,RSA,MODERATE,Normal,0.14683251201754893
1700000024.909607,2023-11-14 22:13:44.909606934,192.168.1.30,151.101.1.140,aa:bb:cc:dd:ee:01,VPN,10663,1194,318,64,Encrypted,VPN,TLS 1.3,TLS_AES_128_GCM_SHA256,ECDHE,STRONG,Anomaly,-0.026170240670175926
1700000004.676919,2023-11-14 22:13:24.676918983,192.168.1.30,1.1.1.1,aa:bb:cc:dd:ee:02,TLS,30907,443,1019,64,Encrypted,TLS,TLS 1.3,TLS_AES_256_GCM_SHA384,ECDHE,STRONG,Normal,0.17819890361078378
1700000042.774568,2023-11-14 22:14:02.774568081,192.168.1.10,1.1.1.1,aa:bb:cc:dd:ee:04,DNS,57462,53,74,64,Unencrypted,DNS,,,,,Normal,0.04540067748322085
1700000041.945502,2023-11-14 22:14:01.945502043,10.0.0.5,151.101.1.140,aa:bb:cc:dd:ee:04,HTTP,4552,80,160,64,Unencrypted,HTTP,,,,,Normal,0.05927397479197294
1700000030.79427,2023-11-14 22:13:50.794270039,192.168.1.30,151.101.1.140,aa:bb:cc:dd:ee:04,TLS,33805,443,611,64,Encrypted,TLS,SSL 2.0,SSL_CK_RC4_128_WITH_MD5,RSA,DEPRECATED,Normal,0.17496573117309872
1700000072.493053,2023-11-14 22:14:32.493052959,192.168.1.11,151.101.1.140,aa:bb:cc:dd:ee:03,SSH,20667,22,419,64,Encrypted,SSH,TLS 1.3,TLS_CHACHA20_POLY1305_SHA256,ECDHE,STRONG,Normal,0.0816110856830945
1700000072.921264,2023-11-14 22:14:32.921263933,192.168.1.20,172.217.0.0,aa:bb:cc:dd:ee:01,DNS,2001,53,74,64,Unencrypted,DNS,,,,,Normal,0.024913244272370072
1700000024.850327,2023-11-14 22:13:44.850327015,192.168.1.30,1.1.1.1,aa:bb:cc:dd:ee:03,TLS,53088,443,162,64,Encrypted,TLS,TLS 1.3,TLS_AES_256_GCM_SHA384,ECDHE,STRONG,Normal,0.1448705732717976
1700000077.008237,2023-11-14 22:14:37.008236884,192.168.1.10,1.1.1.1,aa:bb:cc:dd:ee:05,ICMP,0,0,1270,64,Unencrypted,ICMP,,,,,Normal,0.03809952948948103
1700000008.680267,2023-11-14 22:13:28.680267096,192.168.1.10,172.217.0.0,aa:bb:cc:dd:ee:02,DNS,6473,53,70,64,Unencrypted,DNS,,,,,Normal,0.10086285741531886
1700000054.279426,2023-11-14 22:14:14.279426098,10.0.0.5,1.1.1.1,aa:bb:cc:dd:ee:01,ICMP,0,0,1034,64,Unencrypted,ICMP,,,,,Normal,0.04747992388066069
1700000087.487083,2023-11-14 22:14:47.487082958,192.168.1.20,8.8.8.8,aa:bb:cc:dd:ee:01,TLS,19207,443,404,64,Encrypted,TLS,TLS 1.3,TLS_AES_256_GCM_SHA384,ECDHE,STRONG,Normal,0.17078525170672332
1700000035.012861,2023-11-14 22:13:55.012861013,192.168.1.30,8.8.8.8,aa:bb:cc:dd:ee:01,HTTP,35427,80,1369,64,Unencrypted,HTTP,,,,,Normal,0.10485236155162148
1700000070.459003,2023-11-14 22:14:30.459002972,192.168.1.11,93.184.216.34,aa:bb:cc:dd:ee:01,TLS,2235,443,942,64,Encrypted,TLS,TLS 1.3,TLS_AES_256_GCM_SHA384,ECDHE,STRONG,Normal,0.13639790671229352
1700000087.578101,2023-11-14 22:14:47.578100920,192.168.1.30,1.1.1.1,aa:bb:cc:dd:ee:02,VPN,56289,1194,1452,64,Encrypted,VPN,TLS 1.2,TLS_ECDHE_RSA_WITH_AES_256_GCM_SHA384,ECDHE,STRONG,Anomaly,-0.03787633824496239
1700000047.388391,2023-11-14 22:14:07.388391018,192.168.1.11,172.217.0.0,aa:bb:cc:dd:ee:02,TLS,53353,443,628,64,Encrypted,TLS,TLS 1.2,TLS_ECDHE_RSA_WITH_AES_128_GCM_SHA256,ECDHE,STRONG,Normal,0.1517462856873858
1700000039.961054,2023-11-14 22:13:59.961054087,10.0.0.5,172.217.0.0,aa:bb:cc:dd:ee:05,SSH,13855,22,626,64,Encrypted,SSH,TLS 1.3,TLS_AES_128_GCM_SHA256,ECDHE,STRONG,Normal,0.08021085815096185
1700000037.342687,2023-11-14 22:13:57.342686892,192.168.1.20,93.184.216.34,aa:bb:cc:dd:ee:01,ICMP,0,0,845,64,Unencrypted,ICMP,,,,,Normal,0.05868465467537842
1700000046.549638,2023-11-14 22:14:06.549638033,192.168.1.20,8.8.8.8,aa:bb:cc:dd:ee:01,SSH,58087,22,232,64,Encrypted,SSH,TLS 1.3,TLS_AES_256_GCM_SHA384,ECDHE,STRONG,Normal,0.01954252187318084
1700000060.040515,2023-11-14 22:14:20.040514946,192.168.1.30,8.8.8.8,aa:bb:cc:dd:ee:03,SSH,62680,22,881,64,Encrypted,SSH,TLS 1.3,TLS_AES_128_GCM_SHA256,ECDHE,STRONG,Normal,0.037623215581328195
1700000064.826729,2023-11-14 22:14:24.826729059,192.168.1.20,151.101.1.140,aa:bb:cc:dd:ee:03,TLS,13412,443,794,64,Encrypted,TLS,SSL 2.0,SSL_CK_RC4_128_WITH_MD5,RSA,DEPRECATED,Normal,0.18244530090481736
1700000025.632035,2023-11-14 22:13:45.632035017,10.0.0.5,1.1.1.1,aa:bb:cc:dd:ee:03,TLS,10310,443,202,64,Encrypted,TLS,TLS 1.3,TLS_CHACHA20_POLY1305_SHA256,ECDHE,STRONG,Normal,0.14425001904879287
1700000038.388291,2023-11-14 22:13:58.388290882,192.168.1.20,172.217.0.0,aa:bb:cc:dd:ee:02,TLS,45987,443,819,64,Encrypted,TLS,SSL 3.0,TLS_RSA_WITH_3DES_EDE_CBC_SHA,RSA,WEAK,Normal,0.17260217917583331
1700000025.201811,2023-11-14 22:13:45.201811075,192.168.1.30,93.184.216.34,aa:bb:cc:dd:ee:02,TLS,52466,443,1231,64,Encrypted,TLS,TLS 1.2,TLS_RSA_WITH_AES_256_CBC_SHA256,RSA,MODERATE,Normal,0.1538178320617376
1700000058.193531,2023-11-14 22:14:18.193531036,192.168.1.10,1.1.1.1,aa:bb:cc:dd:ee:01,TLS,34781,443,686,64,Encrypted,TLS,TLS 1.3,TLS_AES_256_GCM_SHA384,ECDHE,STRONG,Normal,0.17837144986493253
1700000097.4608,2023-11-14 22:14:57.460799932,192.168.1.20,1.1.1.1,aa:bb:cc:dd:ee:03,DNS,58216,53,74,64,Unencrypted,DNS,,,,,Normal,0.04277588396153931
1700000093.301332,2023-11-14 22:14:53.301331997,192.168.1.11,93.184.216.34,aa:bb:cc:dd:ee:03,TLS,23470,443,94,64,Encrypted,TLS,TLS 1.2,TLS_ECDHE_RSA_WITH_AES_256_GCM_SHA384,ECDHE,STRONG,Normal,0.1470380149415978
1700000083.633141,2023-11-14 22:14:43.633141041,192.168.1.20,93.184.216.34,aa:bb:cc:dd:ee:04,TLS,1975,443,1042,64,Encrypted,TLS,TLS 1.2,TLS_ECDHE_RSA_WITH_AES_256_GCM_SHA384,ECDHE,STRONG,Normal,0.12662941994935578
1700000083.008664,2023-11-14 22:14:43.008663893,192.168.1.10,8.8.8.8,aa:bb:cc:dd:ee:01,TLS,12050,443,420,64,Encrypted,TLS,TLS 1.3,TLS_CHACHA20_POLY1305_SHA256,ECDHE,STRONG,Normal,0.16632749228747296
1700000079.251118,2023-11-14 22:14:39.251117945,192.168.1.20,93.184.216.34,aa:bb:cc:dd:ee:01,HTTP,42105,80,280,64,Unencrypted,HTTP,,,,,Normal,0.12373665371525133
1700000050.423749,2023-11-14 22:14:10.423748970,192.168.1.20,8.8.8.8,aa:bb:cc:dd:ee:02,DNS,23716,53,74,64,Unencrypted,DNS,,,,,Normal,0.07161536337843077
1700000010.704218,2023-11-14 22:13:30.704217911,10.0.0.5,1.1.1.1,aa:bb:cc:dd:ee:04,TLS,37741,443,1418,64,Encrypted,TLS,TLS 1.3,TLS_AES_128_GCM_SHA256,ECDHE,STRONG,Normal,0.12766039791242734
1700000044.112249,2023-11-14 22:14:04.112248898,192.168.1.11,1.1.1.1,aa:bb:cc:dd:ee:02,ICMP,0,0,525,64,Unencrypted,ICMP,,,,,Normal,0.03086470213873005
1700000047.650514,2023-11-14 22:14:07.650513887,10.0.0.5,1.1.1.1,aa:bb:cc:dd:ee:03,DNS,34335,53,74,64,Unencrypted,DNS,,,,,Normal,0.07704452863510092
1700000082.986931,2023-11-14 22:14:42.986931086,192.168.1.30,151.101.1.140,aa:bb:cc:dd:ee:05,TLS,38309,443,1281,64,Encrypted,TLS,TLS 1.2,TLS_ECDHE_RSA_WITH_AES_256_GCM_SHA384,ECDHE,STRONG,Normal,0.1655703112552404
1700000084.813336,2023-11-14 22:14:44.813335896,192.168.1.20,151.101.1.140,aa:bb:cc:dd:ee:05,DNS,8027,53,70,64,Unencrypted,DNS,,,,,Normal,0.10801628697491583
1700000058.132995,2023-11-14 22:14:18.132994890,192.168.1.10,93.184.216.34,aa:bb:cc:dd:ee:02,HTTP,33457,80,1384,64,Unencrypted,HTTP,,,,,Normal,0.10351765440756411
1700000091.259285,2023-11-14 22:14:51.259284972,192.168.1.20,151.101.1.140,aa:bb:cc:dd:ee:04,TLS,61586,443,1469,64,Encrypted,TLS,TLS 1.3,TLS_AES_256_GCM_SHA384,ECDHE,STRONG,Normal,0.07863269087986191
1700000051.435235,2023-11-14 22:14:11.435235023,192.168.1.11,151.101.1.140,aa:bb:cc:dd:ee:01,HTTP,25452,80,1251,64,Unencrypted,HTTP,,,,,Normal,0.12236427544898254
1700000058.499078,2023-11-14 22:14:18.499078035,192.168.1.20,151.101.1.140,aa:bb:cc:dd:ee:02,TLS,42411,443,683,64,Encrypted,TLS,TLS 1.3,TLS_AES_128_GCM_SHA256,ECDHE,STRONG,Normal,0.17250221894736623
1700000021.03627,2023-11-14 22:13:41.036269903,192.168.1.20,172.217.0.0,aa:bb:cc:dd:ee:03,DNS,54356,53,72,64,Unencrypted,DNS,,,,,Normal,0.05864787107411584
1700000077.775437,2023-11-14 22:14:37.775437117,192.168.1.20,151.101.1.140,aa:bb:cc:dd:ee:03,TLS,49617,443,194,64,Encrypted,TLS,TLS 1.3,TLS_CHACHA20_POLY1305_SHA256,ECDHE,STRONG,Normal,0.1566630164553141
1700000049.670754,2023-11-14 22:14:09.670753956,192.168.1.10,172.217.0.0,aa:bb:cc:dd:ee:03,DNS,44742,53,70,64,Unencrypted,DNS,,,,,Normal,0.11229214306649105
1700000104.011186,2023-11-14 22:15:04.011185884,10.0.0.5,1.1.1.1,aa:bb:cc:dd:ee:05,DNS,10779,53,70,64,Unencrypted,DNS,,,,,Normal,0.1079760454266746
1700000021.593622,2023-11-14 22:13:41.593621969,192.168.1.30,8.8.8.8,aa:bb:cc:dd:ee:05,SSH,18480,22,1131,64,Encrypted,SSH,TLS 1.0,TLS_RSA_WITH_DES_CBC_SHA,RSA,WEAK,Normal,0.08534293592900943
1700000085.857055,2023-11-14 22:14:45.857054949,192.168.1.20,93.184.216.34,aa:bb:cc:dd:ee:02,HTTP,11604,80,865,64,Unencrypted,HTTP,,,,,Normal,0.12312498594610849
1700000102.549007,2023-11-14 22:15:02.549006939,10.0.0.5,172.217.0.0,aa:bb:cc:dd:ee:03,HTTP,25629,80,242,64,Unencrypted,HTTP,,,,,Normal,0.10396591203860128
1700000018.082536,2023-11-14 22:13:38.082535982,10.0.0.5,93.184.216.34,aa:bb:cc:dd:ee:02,TLS,60844,443,1475,64,Encrypted,TLS,TLS 1.2,TLS_RSA_WITH_AES_256_CBC_SHA256,RSA,MODERATE,Normal,0.08116917390257306
1700000063.494385,2023-11-14 22:14:23.494385004,10.0.0.5,172.217.0.0,aa:bb:cc:dd:ee:01,TLS,23730,443,63,64,Encrypted,TLS,TLS 1.3,TLS_AES_128_GCM_SHA256,ECDHE,STRONG,Normal,0.13899416696326922
1700000078.520032,2023-11-14 22:14:38.520031928,192.168.1.30,8.8.8.8,aa:bb:cc:dd:ee:04,TLS,44594,443,1283,64,Encrypted,TLS,TLS 1.3,TLS_CHACHA20_POLY1305_SHA256,ECDHE,STRONG,Normal,0.15322737493016575
1700000091.197935,2023-11-14 22:14:51.197935104,192.168.1.20,1.1.1.1,aa:bb:cc:dd:ee:02,TLS,13621,443,943,64,Encrypted,TLS,TLS 1.3,TLS_AES_256_GCM_SHA384,ECDHE,STRONG,Normal,0.18256141580778829
1700000102.832399,2023-11-14 22:15:02.832398891,192.168.1.10,93.184.216.34,aa:bb:cc:dd:ee:04,HTTP,42745,80,1339,64,Unencrypted,HTTP,,,,,Normal,0.1140044244964935
1700000055.327707,2023-11-14 22:14:15.327707052,192.168.1.10,8.8.8.8,aa:bb:cc:dd:ee:03,HTTP,48088,80,1286,64,Unencrypted,HTTP,,,,,Normal,0.12343900529748647
1700000009.016385,2023-11-14 22:13:29.016385078,192.168.1.30,151.101.1.140,aa:bb:cc:dd:ee:05,VPN,36949,1194,1275,64,Encrypted,VPN,TLS 1.0,TLS_RSA_WITH_RC4_128_SHA,RSA,WEAK,Anomaly,-0.014049951636856406
1700000024.006491,2023-11-14 22:13:44.006490946,192.168.1.30,172.217.0.0,aa:bb:cc:dd:ee:03,TLS,50204,443,996,64,Encrypted,TLS,TLS 1.2,TLS_RSA_WITH_AES_256_CBC_SHA256,RSA,MODERATE,Normal,0.16681070489628264
1700000078.759034,2023-11-14 22:14:38.759033918,192.168.1.11,8.8.8.8,aa:bb:cc:dd:ee:05,FTP,55279,21,1367,64,Unencrypted,FTP,,,,,Normal,0.008986593065174686
1700000093.520499,2023-11-14 22:14:53.520498990,192.168.1.10,151.101.1.140,aa:bb:cc:dd:ee:01,TLS,19038,443,919,64,Encrypted,TLS,TLS 1.3,TLS_AES_128_GCM_SHA256,ECDHE,STRONG,Normal,0.18363754471622407
1700000009.282979,2023-11-14 22:13:29.282979012,192.168.1.30,8.8.8.8,aa:bb:cc:dd:ee:01,TLS,6224,443,1220,64,Encrypted,TLS,TLS 1.2,TLS_ECDHE_RSA_WITH_AES_256_GCM_SHA384,ECDHE,STRONG,Normal,0.15415962722760257
1700000032.508041,2023-11-14 22:13:52.508040905,192.168.1.10,151.101.1.140,aa:bb:cc:dd:ee:05,SSH,34082,22,405,64,Encrypted,SSH,TLS 1.2,TLS_ECDHE_RSA_WITH_AES_256_GCM_SHA384,ECDHE,STRONG,Normal,0.07456699207419326
1700000018.03823,2023-11-14 22:13:38.038229942,10.0.0.5,93.184.216.34,aa:bb:cc:dd:ee:01,HTTP,64877,80,669,64,Unencrypted,HTTP,,,,,Normal,0.08083162118066889
1700000075.773142,2023-11-14 22:14:35.773142099,192.168.1.20,1.1.1.1,aa:bb:cc:dd:ee:05,SSH,58986,22,861,64,Encrypted,SSH,TLS 1.3,TLS_AES_256_GCM_SHA384,ECDHE,STRONG,Normal,0.04972528249888175
1700000108.964784,2023-11-14 22:15:08.964783907,10.0.0.5,172.217.0.0,aa:bb:cc:dd:ee:05,SSH,41896,22,1277,64,Encrypted,SSH,TLS 1.2,TLS_ECDHE_RSA_WITH_AES_128_GCM_SHA256,ECDHE,STRONG,Normal,0.054816180237097
1700000007.034221,2023-11-14 22:13:27.034220934,192.168.1.30,172.217.0.0,aa:bb:cc:dd:ee:03,TLS,8382,443,872,64,Encrypted,TLS,TLS 1.3,TLS_CHACHA20_POLY1305_SHA256,ECDHE,STRONG,Normal,0.17365450293150886
1700000033.785136,2023-11-14 22:13:53.785135984,10.0.0.5,172.217.0.0,aa:bb:cc:dd:ee:02,DNS,5808,53,72,64,Unencrypted,DNS,,,,,Normal,0.06194376179061034
1700000080.084776,2023-11-14 22:14:40.084775925,192.168.1.11,1.1.1.1,aa:bb:cc:dd:ee:01,TLS,50215,443,371,64,Encrypted,TLS,TLS 1.2,TLS_ECDHE_RSA_WITH_AES_128_GCM_SHA256,ECDHE,STRONG,Normal,0.1634059050150335
1700000024.226003,2023-11-14 22:13:44.226002932,192.168.1.11,1.1.1.1,aa:bb:cc:dd:ee:04,FTP,40250,21,1342,64,Unencrypted,FTP,,,,,Normal,0.03165412495897235
1700000073.744681,2023-11-14 22:14:33.744680882,192.168.1.30,172.217.0.0,aa:bb:cc:dd:ee:01,TLS,4991,443,353,64,Encrypted,TLS,TLS 1.3,TLS_CHACHA20_POLY1305_SHA256,ECDHE,STRONG,Normal,0.1462199653378985
1700000095.731728,2023-11-14 22:14:55.731728077,10.0.0.5,172.217.0.0,aa:bb:cc:dd:ee:02,TLS,63490,443,609,64,Encrypted,TLS,TLS 1.3,TLS_AES_256_GCM_SHA384,ECDHE,STRONG,Normal,0.10276630856365443
1700000048.671686,2023-11-14 22:14:08.671685934,10.0.0.5,172.217.0.0,aa:bb:cc:dd:ee:02,DNS,4650,53,70,64,Unencrypted,DNS,,,,,Normal,0.08213550328409613
1700000091.958215,2023-11-14 22:14:51.958214998,192.168.1.10,8.8.8.8,aa:bb:cc:dd:ee:04,TLS,54711,443,1396,64,Encrypted,TLS,TLS 1.3,TLS_AES_128_GCM_SHA256,ECDHE,STRONG,Normal,0.11978573834423079
1700000075.308985,2023-11-14 22:14:35.308984995,192.168.1.20,93.184.216.34,aa:bb:cc:dd:ee:03,TLS,61804,443,1100,64,Encrypted,TLS,TLS 1.3,TLS_AES_256_GCM_SHA384,ECDHE,STRONG,Normal,0.11748437761999392
1700000003.074005,2023-11-14 22:13:23.074004889,192.168.1.20,1.1.1.1,aa:bb:cc:dd:ee:03,HTTP,53853,80,263,64,Unencrypted,HTTP,,,,,Normal,0.10800326946486072
1700000011.375177,2023-11-14 22:13:31.375176907,192.168.1.10,8.8.8.8,aa:bb:cc:dd:ee:01,TLS,7801,443,174,64,Encrypted,TLS,TLS 1.0,TLS_RSA_WITH_RC4_128_SHA,RSA,WEAK,Normal,0.140504797142688
1700000011.141398,2023-11-14 22:13:31.141397953,192.168.1.30,1.1.1.1,aa:bb:cc:dd:ee:05,DNS,53472,53,70,64,Unencrypted,DNS,,,,,Normal,0.10448129287800212
1700000066.735744,2023-11-14 22:14:26.735743999,192.168.1.20,1.1.1.1,aa:bb:cc:dd:ee:01,VPN,42326,1194,771,64,Encrypted,VPN,TLS 1.2,TLS_RSA_WITH_AES_256_CBC_SHA256,RSA,MODERATE,Anomaly,-0.012257026491728884
1700000100.844025,2023-11-14 22:15:00.844024897,10.0.0.5,1.1.1.1,aa:bb:cc:dd:ee:03,TLS,6530,443,1211,64,Encrypted,TLS,TLS 1.2,TLS_ECDHE_RSA_WITH_AES_128_GCM_SHA256,ECDHE,STRONG,Normal,0.1551400056420712
1700000080.267783,2023-11-14 22:14:40.267782927,192.168.1.10,1.1.1.1,aa:bb:cc:dd:ee:02,TLS,23948,443,54,64,Encrypted,TLS,TLS 1.3,TLS_AES_128_GCM_SHA256,ECDHE,STRONG,Normal,0.13221794643772922
1700000002.834203,2023-11-14 22:13:22.834203005,192.168.1.10,172.217.0.0,aa:bb:cc:dd:ee:02,TLS,64979,443,82,64,Encrypted,TLS,TLS 1.3,TLS_AES_256_GCM_SHA384,ECDHE,STRONG,Normal,0.07903116554352396
1700000044.622553,2023-11-14 22:14:04.622553110,192.168.1.11,93.184.216.34,aa:bb:cc:dd:ee:04,TLS,10895,443,120,64,Encrypted,TLS,TLS 1.2,TLS_RSA_WITH_AES_256_CBC_SHA256,RSA,MODERATE,Normal,0.13420498319168056
1700000044.185866,2023-11-14 22:14:04.185866117,192.168.1.11,1.1.1.1,aa:bb:cc:dd:ee:04,TLS,2474,443,1224,64,Encrypted,TLS,TLS 1.0,TLS_RSA_WITH_DES_CBC_SHA,RSA,WEAK,Normal,0.1270578982008997
1700000011.431553,2023-11-14 22:13:31.431552887,192.168.1.30,172.217.0.0,aa:bb:cc:dd:ee:01,TLS,29334,443,718,64,Encrypted,TLS,TLS 1.3,TLS_AES_256_GCM_SHA384,ECDHE,STRONG,Normal,0.18292767011916955
1700000006.624765,2023-11-14 22:13:26.624764919,192.168.1.10,8.8.8.8,aa:bb:cc:dd:ee:04,HTTP,14042,80,687,64,Unencrypted,HTTP,,,,,Normal,0.1150218096721084
1700000020.926251,2023-11-14 22:13:40.926250935,192.168.1.11,8.8.8.8,aa:bb:cc:dd:ee:01,DNS,21061,53,72,64,Unencrypted,DNS,,,,,Normal,0.06453486187528867
1700000071.017049,2023-11-14 22:14:31.017049074,192.168.1.11,93.184.216.34,aa:bb:cc:dd:ee:04,TLS,6735,443,506,64,Encrypted,TLS,TLS 1.3,TLS_CHACHA20_POLY1305_SHA256,ECDHE,STRONG,Normal,0.16488773833712927
1700000063.141548,2023-11-14 22:14:23.141547918,192.168.1.20,1.1.1.1,aa:bb:cc:dd:ee:01,DNS,30295,53,70,64,Unencrypted,DNS,,,,,Normal,0.11387398596710463
1700000018.374398,2023-11-14 22:13:38.374397993,192.168.1.10,172.217.0.0,aa:bb:cc:dd:ee:03,TLS,1125,443,105,64,Encrypted,TLS,TLS 1.3,TLS_AES_256_GCM_SHA384,ECDHE,STRONG,Normal,0.08198441186540784
1700000021.057821,2023-11-14 22:13:41.057821035,192.168.1.20,8.8.8.8,aa:bb:cc:dd:ee:01,FTP,13042,21,1211,64,Unencrypted,FTP,,,,,Normal,0.05083942026259125
1700000068.672799,2023-11-14 22:14:28.672799110,10.0.0.5,93.184.216.34,aa:bb:cc:dd:ee:01,TLS,4030,443,947,64,Encrypted,TLS,TLS 1.2,TLS_ECDHE_RSA_WITH_AES_128_GCM_SHA256,ECDHE,STRONG,Normal,0.1482500267660284
1700000083.807488,2023-11-14 22:14:43.807487965,192.168.1.30,1.1.1.1,aa:bb:cc:dd:ee:02,HTTP,35494,80,693,64,Unencrypted,HTTP,,,,,Normal,0.13119274584047746
1700000090.996948,2023-11-14 22:14:50.996948004,192.168.1.11,151.101.1.140,aa:bb:cc:dd:ee:03,TLS,64611,443,1458,64,Encrypted,TLS,TLS 1.2,TLS_ECDHE_RSA_WITH_AES_128_GCM_SHA256,ECDHE,STRONG,Normal,0.05365380639138251
1700000091.475224,2023-11-14 22:14:51.475224018,192.168.1.11,1.1.1.1,aa:bb:cc:dd:ee:01,SSH,24750,22,1061,64,Encrypted,SSH,TLS 1.3,TLS_AES_256_GCM_SHA384,ECDHE,STRONG,Normal,0.08553485151595208
1700000128.995053,2023-11-14 22:15:28.995053053,10.0.0.5,93.184.216.34,aa:bb:cc:dd:ee:01,DNS,7012,53,74,64,Unencrypted,DNS,,,,,Normal,0.05406355597269963
1700000074.122545,2023-11-14 22:14:34.122545004,192.168.1.30,93.184.216.34,aa:bb:cc:dd:ee:05,TLS,58235,443,1335,64,Encrypted,TLS,TLS 1.3,TLS_CHACHA20_POLY1305_SHA256,ECDHE,STRONG,Normal,0.11669804077682389
1700000097.353806,2023-11-14 22:14:57.353806019,192.168.1.10,8.8.8.8,aa:bb:cc:dd:ee:02,VPN,50897,1194,1440,64,Encrypted,VPN,TLS 1.3,TLS_CHACHA20_POLY1305_SHA256,ECDHE,STRONG,Anomaly,-0.03207144187053679
1700000010.388357,2023-11-14 22:13:30.388356924,192.168.1.10,151.101.1.140,aa:bb:cc:dd:ee:02,TLS,45082,443,90,64,Encrypted,TLS,TLS 1.3,TLS_AES_128_GCM_SHA256,ECDHE,STRONG,Normal,0.13612451785657032
1700000117.77536,2023-11-14 22:15:17.775360107,192.168.1.30,172.217.0.0,aa:bb:cc:dd:ee:01,HTTP,60271,80,1036,64,Unencrypted,HTTP,,,,,Normal,0.1015289055557167
1700000028.473355,2023-11-14 22:13:48.473355055,192.168.1.10,1.1.1.1,aa:bb:cc:dd:ee:05,TLS,43333,443,343,64,Encrypted,TLS,TLS 1.2,TLS_RSA_WITH_AES_256_CBC_SHA256,RSA,MODERATE,Normal,0.16118159584211295
1700000102.047842,2023-11-14 22:15:02.047842026,192.168.1.30,8.8.8.8,aa:bb:cc:dd:ee:02,DNS,8484,53,70,64,Unencrypted,DNS,,,,,Normal,0.1123872275357074
1700000067.774428,2023-11-14 22:14:27.774427891,192.168.1.20,8.8.8.8,aa:bb:cc:dd:ee:05,ICMP,0,0,1247,64,Unencrypted,ICMP,,,,,Normal,0.03769072396141471
1700000059.207349,2023-11-14 22:14:19.207349062,192.168.1.10,1.1.1.1,aa:bb:cc:dd:ee:05,TLS,40348,443,1222,64,Encrypted,TLS,TLS 1.3,TLS_AES_128_GCM_SHA256,ECDHE,STRONG,Normal,0.1660853922246901
1700000089.800915,2023-11-14 22:14:49.800915003,192.168.1.11,8.8.8.8,aa:bb:cc:dd:ee:04,FTP,8567,21,181,64,Unencrypted,FTP,,,,,Normal,0.03823395739174773
1700000032.150512,2023-11-14 22:13:52.150511980,192.168.1.30,8.8.8.8,aa:bb:cc:dd:ee:02,TLS,64277,443,1320,64,Encrypted,TLS,TLS 1.3,TLS_AES_256_GCM_SHA384,ECDHE,STRONG,Normal,0.07983921992660281
1700000078.134756,2023-11-14 22:14:38.134756088,192.168.1.10,151.101.1.140,aa:bb:cc:dd:ee:03,TLS,18034,443,117,64,Encrypted,TLS,TLS 1.3,TLS_CHACHA20_POLY1305_SHA256,ECDHE,STRONG,Normal,0.14170127821310508
1700000013.606723,2023-11-14 22:13:33.606723070,192.168.1.11,93.184.216.34,aa:bb:cc:dd:ee:03,HTTP,54014,80,1424,64,Unencrypted,HTTP,,,,,Normal,0.07787273321051014
1700000010.823022,2023-11-14 22:13:30.823021889,192.168.1.20,1.1.1.1,aa:bb:cc:dd:ee:02,TLS,59442,443,394,64,Encrypted,TLS,TLS 1.2,TLS_ECDHE_RSA_WITH_AES_256_GCM_SHA384,ECDHE,STRONG,Normal,0.12609321279906022
1700000139.842833,2023-11-14 22:15:39.842833042,192.168.1.30,151.101.1.140,aa:bb:cc:dd:ee:03,TLS,30358,443,617,64,Encrypted,TLS,TLS 1.3,TLS_AES_256_GCM_SHA384,ECDHE,STRONG,Normal,0.17791308432382413
1700000072.791163,2023-11-14 22:14:32.791162968,10.0.0.5,151.101.1.140,aa:bb:cc:dd:ee:05,FTP,5164,21,830,64,Unencrypted,FTP,,,,,Normal,0.05022954446558736
1700000016.492411,2023-11-14 22:13:36.492410898,192.168.1.20,151.101.1.140,aa:bb:cc:dd:ee:03,HTTP,39230,80,964,64,Unencrypted,HTTP,,,,,Normal,0.14157283555384326
1700000024.136191,2023-11-14 22:13:44.136190891,192.168.1.10,1.1.1.1,aa:bb:cc:dd:ee:05,HTTP,19847,80,102,64,Unencrypted,HTTP,,,,,Normal,0.07856103815368798
1700000117.468221,2023-11-14 22:15:17.468220949,192.168.1.30,172.217.0.0,aa:bb:cc:dd:ee:03,TLS,64793,443,956,64,Encrypted,TLS,TLS 1.3,TLS_AES_128_GCM_SHA256,ECDHE,STRONG,Normal,0.09613298386124058
1700000141.841226,2023-11-14 22:15:41.841226101,192.168.1.30,151.101.1.140,aa:bb:cc:dd:ee:02,DNS,50403,53,70,64,Unencrypted,DNS,,,,,Normal,0.10970863052188728
1700000037.333239,2023-11-14 22:13:57.333239079,192.168.1.20,8.8.8.8,aa:bb:cc:dd:ee:01,ICMP,0,0,1482,64,Unencrypted,ICMP,,,,,Anomaly,-0.0396419980609205
1700000128.696573,2023-11-14 22:15:28.696573019,192.168.1.10,93.184.216.34,aa:bb:cc:dd:ee:01,DNS,53741,53,70,64,Unencrypted,DNS,,,,,Normal,0.10377600248902175
1700000082.770712,2023-11-14 22:14:42.770711899,192.168.1.30,151.101.1.140,aa:bb:cc:dd:ee:03,TLS,20468,443,1045,64,Encrypted,TLS,SSL 2.0,SSL_CK_RC4_128_WITH_MD5,RSA,DEPRECATED,Normal,0.18392010967775685
1700000068.4881,2023-11-14 22:14:28.488100052,10.0.0.5,8.8.8.8,aa:bb:cc:dd:ee:01,TLS,1112,443,787,64,Encrypted,TLS,TLS 1.2,TLS_ECDHE_RSA_WITH_AES_256_GCM_SHA384,ECDHE,STRONG,Normal,0.11946294261744433
1700000119.818504,2023-11-14 22:15:19.818504095,192.168.1.11,151.101.1.140,aa:bb:cc:dd:ee:02,HTTP,64780,80,274,64,Unencrypted,HTTP,,,,,Normal,0.06337591299800338
1700000135.133807,2023-11-14 22:15:35.133806944,192.168.1.20,93.184.216.34,aa:bb:cc:dd:ee:05,DNS,10364,53,72,64,Unencrypted,DNS,,,,,Normal,0.06960741598558084
1700000069.887675,2023-11-14 22:14:29.887675047,192.168.1.30,93.184.216.34,aa:bb:cc:dd:ee:05,TLS,34845,443,715,64,Encrypted,TLS,TLS 1.3,TLS_AES_128_GCM_SHA256,ECDHE,STRONG,Normal,0.1798042217491721
1700000107.500116,2023-11-14 22:15:07.500116110,192.168.1.20,93.184.216.34,aa:bb:cc:dd:ee:05,DNS,34826,53,70,64,Unencrypted,DNS,,,,,Normal,0.10390965374668137
1700000056.833336,2023-11-14 22:14:16.833336115,192.168.1.10,93.184.216.34,aa:bb:cc:dd:ee:05,SSH,54342,22,266,64,Encrypted,SSH,TLS 1.3,TLS_CHACHA20_POLY1305_SHA256,ECDHE,STRONG,Normal,0.035745901784046574
1700000005.876258,2023-11-14 22:13:25.876257896,192.168.1.11,151.101.1.140,aa:bb:cc:dd:ee:04,HTTP,25380,80,1325,64,Unencrypted,HTTP,,,,,Normal,0.11108880016407896
1700000137.12148,2023-11-14 22:15:37.121479988,192.168.1.10,8.8.8.8,aa:bb:cc:dd:ee:01,FTP,22475,21,58,64,Unencrypted,FTP,,,,,Normal,0.014520418022247239
1700000143.481115,2023-11-14 22:15:43.481115103,192.168.1.30,172.217.0.0,aa:bb:cc:dd:ee:05,HTTP,22108,80,1266,64,Unencrypted,HTTP,,,,,Normal,0.11065066865505635
1700000083.353198,2023-11-14 22:14:43.353198051,192.168.1.11,8.8.8.8,aa:bb:cc:dd:ee:05,ICMP,0,0,1140,64,Unencrypted,ICMP,,,,,Normal,0.04536184430212897
1700000103.890722,2023-11-14 22:15:03.890722036,10.0.0.5,172.217.0.0,aa:bb:cc:dd:ee:05,SSH,20118,22,1228,64,Encrypted,SSH,TLS 1.3,TLS_AES_256_GCM_SHA384,ECDHE,STRONG,Normal,0.0737600661111143
1700000057.144375,2023-11-14 22:14:17.144375086,10.0.0.5,151.101.1.140,aa:bb:cc:dd:ee:03,TLS,51778,443,90,64,Encrypted,TLS,TLS 1.3,TLS_AES_256_GCM_SHA384,ECDHE,STRONG,Normal,0.13938072019184172
1700000081.455268,2023-11-14 22:14:41.455267906,192.168.1.11,93.184.216.34,aa:bb:cc:dd:ee:03,DNS,60205,53,74,64,Unencrypted,DNS,,,,,Normal,0.028038913324835657
1700000112.328765,2023-11-14 22:15:12.328764915,192.168.1.11,93.184.216.34,aa:bb:cc:dd:ee:05,SSH,11058,22,1036,64,Encrypted,SSH,TLS 1.3,TLS_AES_128_GCM_SHA256,ECDHE,STRONG,Normal,0.0803062698927347
1700000090.069173,2023-11-14 22:14:50.069173098,10.0.0.5,93.184.216.34,aa:bb:cc:dd:ee:03,TLS,21649,443,1142,64,Encrypted,TLS,TLS 1.3,TLS_CHACHA20_POLY1305_SHA256,ECDHE,STRONG,Normal,0.17683081047053434
1700000079.516891,2023-11-14 22:14:39.516891003,10.0.0.5,1.1.1.1,aa:bb:cc:dd:ee:03,TLS,56089,443,265,64,Encrypted,TLS,TLS 1.3,TLS_AES_256_GCM_SHA384,ECDHE,STRONG,Normal,0.13588460922159828
1700000146.364233,2023-11-14 22:15:46.364233017,192.168.1.11,151.101.1.140,aa:bb:cc:dd:ee:03,ICMP,0,0,836,64,Unencrypted,ICMP,,,,,Normal,0.05943867923395485
1700000096.646627,2023-11-14 22:14:56.646626949,192.168.1.11,172.217.0.0,aa:bb:cc:dd:ee:05,ICMP,0,0,834,64,Unencrypted,ICMP,,,,,Normal,0.059061794495336106
1700000017.8654,2023-11-14 22:13:37.865400076,192.168.1.30,172.217.0.0,aa:bb:cc:dd:ee:01,HTTP,16828,80,872,64,Unencrypted,HTTP,,,,,Normal,0.12394087858588121
1700000126.380943,2023-11-14 22:15:26.380943060,192.168.1.11,172.217.0.0,aa:bb:cc:dd:ee:05,HTTP,43510,80,285,64,Unencrypted,HTTP,,,,,Normal,0.12331657602069201
1700000092.25913,2023-11-14 22:14:52.259130001,192.168.1.20,1.1.1.1,aa:bb:cc:dd:ee:02,DNS,43188,53,70,64,Unencrypted,DNS,,,,,Normal,0.11540174055698493
1700000033.003766,2023-11-14 22:13:53.003766060,192.168.1.11,8.8.8.8,aa:bb:cc:dd:ee:01,DNS,63707,53,72,64,Unencrypted,DNS,,,,,Normal,0.0190299641632955
1700000039.315341,2023-11-14 22:13:59.315340996,192.168.1.10,1.1.1.1,aa:bb:cc:dd:ee:05,TLS,26866,443,189,64,Encrypted,TLS,TLS 1.3,TLS_AES_256_GCM_SHA384,ECDHE,STRONG,Normal,0.15667337600624492
1700000026.048391,2023-11-14 22:13:46.048391104,192.168.1.11,1.1.1.1,aa:bb:cc:dd:ee:04,FTP,5576,21,1171,64,Unencrypted,FTP,,,,,Normal,0.05029219897178472
1700000041.767536,2023-11-14 22:14:01.767535925,10.0.0.5,93.184.216.34,aa:bb:cc:dd:ee:03,FTP,1327,21,439,64,Unencrypted,FTP,,,,,Normal,0.025043790819398226
1700000044.087495,2023-11-14 22:14:04.087495089,192.168.1.30,8.8.8.8,aa:bb:cc:dd:ee:05,HTTP,46826,80,233,64,Unencrypted,HTTP,,,,,Normal,0.11425534692200323
1700000004.590096,2023-11-14 22:13:24.590095997,192.168.1.20,151.101.1.140,aa:bb:cc:dd:ee:04,TLS,30627,443,322,64,Encrypted,TLS,TLS 1.3,TLS_AES_256_GCM_SHA384,ECDHE,STRONG,Normal,0.1669734445325422
1700000047.564831,2023-11-14 22:14:07.564831018,192.168.1.11,8.8.8.8,aa:bb:cc:dd:ee:03,TLS,10990,443,807,64,Encrypted,TLS,TLS 1.2,TLS_ECDHE_RSA_WITH_AES_256_GCM_SHA384,ECDHE,STRONG,Normal,0.17798869704541354
1700000121.739797,2023-11-14 22:15:21.739797115,10.0.0.5,172.217.0.0,aa:bb:cc:dd:ee:02,DNS,10076,53,70,64,Unencrypted,DNS,,,,,Normal,0.11028518293596323
1700000142.916637,2023-11-14 22:15:42.916636944,192.168.1.20,151.101.1.140,aa:bb:cc:dd:ee:02,HTTP,32500,80,98,64,Unencrypted,HTTP,,,,,Normal,0.08442384788696833
1700000080.410458,2023-11-14 22:14:40.410458088,192.168.1.20,1.1.1.1,aa:bb:cc:dd:ee:05,TLS,9851,443,462,64,Encrypted,TLS,TLS 1.3,TLS_AES_256_GCM_SHA384,ECDHE,STRONG,Normal,0.17419340873590083
1700000089.609351,2023-11-14 22:14:49.609350920,192.168.1.11,172.217.0.0,aa:bb:cc:dd:ee:02,HTTP,8491,80,1135,64,Unencrypted,HTTP,,,,,Normal,0.10373498515664947
1700000142.915354,2023-11-14 22:15:42.915354013,10.0.0.5,8.8.8.8,aa:bb:cc:dd:ee:02,HTTP,24893,80,1218,64,Unencrypted,HTTP,,,,,Normal,0.12264489249054039
1700000053.289083,2023-11-14 22:14:13.289083004,192.168.1.20,93.184.216.34,aa:bb:cc:dd:ee:02,DNS,27680,53,72,64,Unencrypted,DNS,,,,,Normal,0.07232864338375933
1700000127.39354,2023-11-14 22:15:27.393539906,192.168.1.30,8.8.8.8,aa:bb:cc:dd:ee:02,SSH,36770,22,486,64,Encrypted,SSH,TLS 1.0,TLS_RSA_WITH_RC4_128_SHA,RSA,WEAK,Normal,0.07719994008924469
1700000100.6001,2023-11-14 22:15:00.600100040,192.168.1.30,1.1.1.1,aa:bb:cc:dd:ee:04,ICMP,0,0,338,64,Unencrypted,ICMP,,,,,Normal,0.014398248144020354
1700000099.51069,2023-11-14 22:14:59.510689974,192.168.1.30,1.1.1.1,aa:bb:cc:dd:ee:04,VPN,18537,1194,736,64,Encrypted,VPN,TLS 1.2,TLS_RSA_WITH_AES_256_CBC_SHA256,RSA,MODERATE,Anomaly,-0.007732639020679111
1700000051.973471,2023-11-14 22:14:11.973470926,10.0.0.5,93.184.216.34,aa:bb:cc:dd:ee:03,TLS,21578,443,1334,64,Encrypted,TLS,TLS 1.3,TLS_AES_256_GCM_SHA384,ECDHE,STRONG,Normal,0.16046531885836374
1700000103.154311,2023-11-14 22:15:03.154310942,10.0.0.5,1.1.1.1,aa:bb:cc:dd:ee:03,TLS,29911,443,332,64,Encrypted,TLS,TLS 1.3,TLS_AES_256_GCM_SHA384,ECDHE,STRONG,Normal,0.16862715075468848
1700000105.637338,2023-11-14 22:15:05.637337923,10.0.0.5,1.1.1.1,aa:bb:cc:dd:ee:01,HTTP,42122,80,889,64,Unencrypted,HTTP,,,,,Normal,0.1466755322234211
1700000011.035762,2023-11-14 22:13:31.035762072,192.168.1.11,172.217.0.0,aa:bb:cc:dd:ee:04,ICMP,0,0,784,64,Unencrypted,ICMP,,,,,Normal,0.0489896512439747
1700000055.927347,2023-11-14 22:14:15.927346945,192.168.1.10,151.101.1.140,aa:bb:cc:dd:ee:02,DNS,25782,53,70,64,Unencrypted,DNS,,,,,Normal,0.10099532918600351
1700000023.455549,2023-11-14 22:13:43.455549002,192.168.1.30,8.8.8.8,aa:bb:cc:dd:ee:01,HTTP,58273,80,1138,64,Unencrypted,HTTP,,,,,Normal,0.10453441825881249
1700000040.309773,2023-11-14 22:14:00.309772968,10.0.0.5,172.217.0.0,aa:bb:cc:dd:ee:02,TLS,28908,443,1005,64,Encrypted,TLS,TLS 1.2,TLS_ECDHE_RSA_WITH_AES_256_GCM_SHA384,ECDHE,STRONG,Normal,0.1804907721367643
1700000089.650164,2023-11-14 22:14:49.650163889,192.168.1.10,172.217.0.0,aa:bb:cc:dd:ee:05,HTTP,13149,80,929,64,Unencrypted,HTTP,,,,,Normal,0.1215151410708023
1700000009.606058,2023-11-14 22:13:29.606057882,192.168.1.11,1.1.1.1,aa:bb:cc:dd:ee:03,TLS,6338,443,537,64,Encrypted,TLS,TLS 1.3,TLS_AES_256_GCM_SHA384,ECDHE,STRONG,Normal,0.16182076579789006
1700000158.638728,2023-11-14 22:15:58.638727903,192.168.1.30,93.184.216.34,aa:bb:cc:dd:ee:04,HTTP,9466,80,478,64,Unencrypted,HTTP,,,,,Normal,0.11169823826808845
1700000141.022786,2023-11-14 22:15:41.022785902,192.168.1.30,1.1.1.1,aa:bb:cc:dd:ee:01,FTP,2814,21,658,64,Unencrypted,FTP,,,,,Normal,0.03918340896630945
1700000085.802388,2023-11-14 22:14:45.802387953,192.168.1.11,8.8.8.8,aa:bb:cc:dd:ee:05,HTTP,5238,80,133,64,Unencrypted,HTTP,,,,,Normal,0.05753034769116461
1700000016.091486,2023-11-14 22:13:36.091485977,192.168.1.11,8.8.8.8,aa:bb:cc:dd:ee:02,ICMP,0,0,199,64,Unencrypted,ICMP,,,,,Anomaly,-0.0005142260339495719
1700000031.988509,2023-11-14 22:13:51.988508940,192.168.1.11,8.8.8.8,aa:bb:cc:dd:ee:05,SSH,44835,22,805,64,Encrypted,SSH,TLS 1.3,TLS_AES_256_GCM_SHA384,ECDHE,STRONG,Normal,0.07944848564750107
1700000164.64824,2023-11-14 22:16:04.648240089,10.0.0.5,93.184.216.34,aa:bb:cc:dd:ee:05,VPN,60706,1194,1277,64,Encrypted,VPN,TLS 1.0,TLS_RSA_WITH_RC4_128_SHA,RSA,WEAK,Anomaly,-0.031035913220757383
1700000044.608868,2023-11-14 22:14:04.608867884,192.168.1.20,93.184.216.34,aa:bb:cc:dd:ee:04,HTTP,60187,80,965,64,Unencrypted,HTTP,,,,,Normal,0.11122468034615074
1700000089.212384,2023-11-14 22:14:49.212383986,10.0.0.5,1.1.1.1,aa:bb:cc:dd:ee:01,ICMP,0,0,1255,64,Unencrypted,ICMP,,,,,Normal,0.0384731377203561
1700000136.275519,2023-11-14 22:15:36.275518894,192.168.1.10,93.184.216.34,aa:bb:cc:dd:ee:02,SSH,53718,22,789,64,Encrypted,SSH,TLS 1.3,TLS_CHACHA20_POLY1305_SHA256,ECDHE,STRONG,Normal,0.06593087046561874
1700000010.83928,2023-11-14 22:13:30.839279890,10.0.0.5,8.8.8.8,aa:bb:cc:dd:ee:04,TLS,40483,443,1155,64,Encrypted,TLS,TLS 1.3,TLS_CHACHA20_POLY1305_SHA256,ECDHE,STRONG,Normal,0.1679247593828398
1700000058.346442,2023-11-14 22:14:18.346441984,192.168.1.20,8.8.8.8,aa:bb:cc:dd:ee:03,FTP,43343,21,654,64,Unencrypted,FTP,,,,,Normal,0.05162861360693605
1700000138.536505,2023-11-14 22:15:38.536504984,192.168.1.10,1.1.1.1,aa:bb:cc:dd:ee:03,TLS,52366,443,1484,64,Encrypted,TLS,TLS 1.2,TLS_ECDHE_RSA_WITH_AES_128_GCM_SHA256,ECDHE,STRONG,Normal,0.09634449028938641
1700000091.842682,2023-11-14 22:14:51.842681885,192.168.1.20,151.101.1.140,aa:bb:cc:dd:ee:04,DNS,37880,53,70,64,Unencrypted,DNS,,,,,Normal,0.10694234456471652
1700000004.517093,2023-11-14 22:13:24.517092943,192.168.1.11,151.101.1.140,aa:bb:cc:dd:ee:01,TLS,12038,443,1396,64,Encrypted,TLS,TLS 1.2,TLS_ECDHE_RSA_WITH_AES_128_GCM_SHA256,ECDHE,STRONG,Normal,0.13737686781635722
1700000050.93885,2023-11-14 22:14:10.938849926,192.168.1.10,8.8.8.8,aa:bb:cc:dd:ee:02,TLS,41744,443,265,64,Encrypted,TLS,TLS 1.3,TLS_AES_256_GCM_SHA384,ECDHE,STRONG,Normal,0.16122175039015152
1700000150.48255,2023-11-14 22:15:50.482549906,192.168.1.11,151.101.1.140,aa:bb:cc:dd:ee:04,HTTP,7009,80,1117,64,Unencrypted,HTTP,,,,,Normal,0.10078440140909284
1700000008.066099,2023-11-14 22:13:28.066098928,192.168.1.30,151.101.1.140,aa:bb:cc:dd:ee:04,TLS,46225,443,906,64,Encrypted,TLS,TLS 1.3,TLS_AES_256_GCM_SHA384,ECDHE,STRONG,Normal,0.16943778611684102
1700000047.014567,2023-11-14 22:14:07.014566898,192.168.1.10,8.8.8.8,aa:bb:cc:dd:ee:05,TLS,24041,443,682,64,Encrypted,TLS,TLS 1.3,TLS_AES_128_GCM_SHA256,ECDHE,STRONG,Normal,0.18602516869648844
1700000116.459817,2023-11-14 22:15:16.459816933,192.168.1.30,8.8.8.8,aa:bb:cc:dd:ee:04,TLS,5263,443,625,64,Encrypted,TLS,TLS 1.3,TLS_AES_128_GCM_SHA256,ECDHE,STRONG,Normal,0.15641978061591533
1700000162.782063,2023-11-14 22:16:02.782063007,192.168.1.11,8.8.8.8,aa:bb:cc:dd:ee:04,VPN,37116,1194,293,64,Encrypted,VPN,TLS 1.3,TLS_CHACHA20_POLY1305_SHA256,ECDHE,STRONG,Anomaly,-0.03126007796538799
1700000172.357063,2023-11-14 22:16:12.357063055,192.168.1.30,151.101.1.140,aa:bb:cc:dd:ee:02,HTTP,53053,80,1199,64,Unencrypted,HTTP,,,,,Normal,0.12165293665209187
1700000103.025587,2023-11-14 22:15:03.025587082,192.168.1.11,172.217.0.0,aa:bb:cc:dd:ee:04,SSH,44975,22,324,64,Encrypted,SSH,TLS 1.2,TLS_ECDHE_RSA_WITH_AES_256_GCM_SHA384,ECDHE,STRONG,Normal,0.06169716607134146
1700000029.417651,2023-11-14 22:13:49.417650938,192.168.1.11,151.101.1.140,aa:bb:cc:dd:ee:04,VPN,27859,1194,664,64,Encrypted,VPN,TLS 1.2,TLS_ECDHE_RSA_WITH_AES_256_GCM_SHA384,ECDHE,STRONG,Anomaly,-0.0038239281607154174
1700000130.176187,2023-11-14 22:15:30.176187038,192.168.1.11,172.217.0.0,aa:bb:cc:dd:ee:05,ICMP,0,0,189,64,Unencrypted,ICMP,,,,,Normal,0.0011959555352418771
1700000003.755495,2023-11-14 22:13:23.755495071,192.168.1.10,93.184.216.34,aa:bb:cc:dd:ee:03,SSH,64977,22,1248,64,Encrypted,SSH,SSL 3.0,TLS_RSA_WITH_3DES_EDE_CBC_SHA,RSA,WEAK,Normal,2.7064528102638263e-05
1700000172.915616,2023-11-14 22:16:12.915616035,10.0.0.5,8.8.8.8,aa:bb:cc:dd:ee:04,HTTP,50568,80,1265,64,Unencrypted,HTTP,,,,,Normal,0.11985223490986507
1700000054.188501,2023-11-14 22:14:14.188500881,192.168.1.10,1.1.1.1,aa:bb:cc:dd:ee:01,TLS,55906,443,843,64,Encrypted,TLS,TLS 1.3,TLS_AES_256_GCM_SHA384,ECDHE,STRONG,Normal,0.14747964231565008
1700000043.671977,2023-11-14 22:14:03.671977043,192.168.1.20,172.217.0.0,aa:bb:cc:dd:ee:04,HTTP,13352,80,493,64,Unencrypted,HTTP,,,,,Normal,0.11191322724135777
1700000019.40687,2023-11-14 22:13:39.406869888,10.0.0.5,93.184.216.34,aa:bb:cc:dd:ee:05,DNS,53114,53,70,64,Unencrypted,DNS,,,,,Normal,0.10459865588782224
1700000012.901806,2023-11-14 22:13:32.901806116,10.0.0.5,151.101.1.140,aa:bb:cc:dd:ee:04,ICMP,0,0,1081,64,Unencrypted,ICMP,,,,,Normal,0.04725942021260687
1700000165.026104,2023-11-14 22:16:05.026103973,192.168.1.10,151.101.1.140,aa:bb:cc:dd:ee:04,SSH,28958,22,1205,64,Encrypted,SSH,TLS 1.3,TLS_AES_128_GCM_SHA256,ECDHE,STRONG,Normal,0.06415486813049309
1700000052.97041,2023-11-14 22:14:12.970410109,10.0.0.5,8.8.8.8,aa:bb:cc:dd:ee:05,SSH,8920,22,513,64,Encrypted,SSH,TLS 1.3,TLS_AES_128_GCM_SHA256,ECDHE,STRONG,Normal,0.0742405899043368
1700000106.779439,2023-11-14 22:15:06.779438972,192.168.1.11,93.184.216.34,aa:bb:cc:dd:ee:01,HTTP,51970,80,1176,64,Unencrypted,HTTP,,,,,Normal,0.12294224933290998
1700000152.922889,2023-11-14 22:15:52.922888994,192.168.1.20,172.217.0.0,aa:bb:cc:dd:ee:04,SSH,46995,22,369,64,Encrypted,SSH,TLS 1.2,TLS_RSA_WITH_AES_256_CBC_SHA256,RSA,MODERATE,Normal,0.0592668504833711
1700000063.050251,2023-11-14 22:14:23.050251007,192.168.1.11,172.217.0.0,aa:bb:cc:dd:ee:01,HTTP,47651,80,1391,64,Unencrypted,HTTP,,,,,Normal,0.10755360086942278
1700000062.247489,2023-11-14 22:14:22.247488976,192.168.1.20,93.184.216.34,aa:bb:cc:dd:ee:01,HTTP,41516,80,934,64,Unencrypted,HTTP,,,,,Normal,0.14819098859405389
1700000090.213928,2023-11-14 22:14:50.213927984,192.168.1.11,93.184.216.34,aa:bb:cc:dd:ee:01,TLS,43177,443,832,64,Encrypted,TLS,TLS 1.3,TLS_AES_256_GCM_SHA384,ECDHE,STRONG,Normal,0.17823900670311044
1700000100.312811,2023-11-14 22:15:00.312810898,192.168.1.10,151.101.1.140,aa:bb:cc:dd:ee:05,HTTP,55809,80,1319,64,Unencrypted,HTTP,,,,,Normal,0.09685585859098522
1700000063.470972,2023-11-14 22:14:23.470972061,192.168.1.30,8.8.8.8,aa:bb:cc:dd:ee:03,FTP,45204,21,1219,64,Unencrypted,FTP,,,,,Normal,0.04561889449436818
1700000102.20521,2023-11-14 22:15:02.205209970,10.0.0.5,1.1.1.1,aa:bb:cc:dd:ee:02,ICMP,0,0,69,64,Unencrypted,ICMP,,,,,Anomaly,-0.02519934160316384
1700000021.947312,2023-11-14 22:13:41.947312117,192.168.1.11,1.1.1.1,aa:bb:cc:dd:ee:05,TLS,60593,443,224,64,Encrypted,TLS,TLS 1.3,TLS_AES_256_GCM_SHA384,ECDHE,STRONG,Normal,0.11972785940746733
1700000150.323682,2023-11-14 22:15:50.323682070,192.168.1.30,172.217.0.0,aa:bb:cc:dd:ee:02,TLS,42515,443,982,64,Encrypted,TLS,TLS 1.3,TLS_AES_128_GCM_SHA256,ECDHE,STRONG,Normal,0.1749981447616757
1700000187.195301,2023-11-14 22:16:27.195301056,192.168.1.20,8.8.8.8,aa:bb:cc:dd:ee:02,HTTP,29967,80,364,64,Unencrypted,HTTP,,,,,Normal,0.11591071551064358
1700000189.571764,2023-11-14 22:16:29.571763992,192.168.1.30,172.217.0.0,aa:bb:cc:dd:ee:01,SSH,17097,22,564,64,Encrypted,SSH,TLS 1.3,TLS_AES_128_GCM_SHA256,ECDHE,STRONG,Normal,0.08520965626687593
1700000019.634025,2023-11-14 22:13:39.634025097,10.0.0.5,1.1.1.1,aa:bb:cc:dd:ee:05,DNS,49060,53,74,64,Unencrypted,DNS,,,,,Normal,0.06841377393638548
1700000052.241038,2023-11-14 22:14:12.241038084,192.168.1.10,8.8.8.8,aa:bb:cc:dd:ee:05,TLS,52802,443,1029,64,Encrypted,TLS,TLS 1.3,TLS_AES_128_GCM_SHA256,ECDHE,STRONG,Normal,0.16115795578239783
1700000097.808225,2023-11-14 22:14:57.808224916,192.168.1.11,1.1.1.1,aa:bb:cc:dd:ee:05,VPN,24399,1194,470,64,Encrypted,VPN,TLS 1.3,TLS_AES_256_GCM_SHA384,ECDHE,STRONG,Anomaly,-0.010390623100953067
1700000032.590323,2023-11-14 22:13:52.590322971,10.0.0.5,172.217.0.0,aa:bb:cc:dd:ee:05,ICMP,0,0,1317,64,Unencrypted,ICMP,,,,,Normal,0.013168784380458876
1700000113.3119,2023-11-14 22:15:13.311899900,192.168.1.11,172.217.0.0,aa:bb:cc:dd:ee:03,HTTP,51255,80,117,64,Unencrypted,HTTP,,,,,Normal,0.08472238675133725
1700000114.464932,2023-11-14 22:15:14.464931965,192.168.1.11,1.1.1.1,aa:bb:cc:dd:ee:05,TLS,25651,443,925,64,Encrypted,TLS,TLS 1.0,TLS_RSA_WITH_RC4_128_SHA,RSA,WEAK,Normal,0.18620855838682016
1700000035.192458,2023-11-14 22:13:55.192457914,192.168.1.20,151.101.1.140,aa:bb:cc:dd:ee:04,TLS,52183,443,1294,64,Encrypted,TLS,TLS 1.3,TLS_AES_128_GCM_SHA256,ECDHE,STRONG,Normal,0.14484580808296144
1700000033.653145,2023-11-14 22:13:53.653145075,192.168.1.11,151.101.1.140,aa:bb:cc:dd:ee:05,TLS,25837,443,1423,64,Encrypted,TLS,TLS 1.2,TLS_RSA_WITH_AES_256_CBC_SHA256,RSA,MODERATE,Normal,0.13443419365097864
1700000097.929868,2023-11-14 22:14:57.929867983,192.168.1.30,93.184.216.34,aa:bb:cc:dd:ee:03,DNS,2466,53,72,64,Unencrypted,DNS,,,,,Normal,0.040374944241529875
1700000004.728667,2023-11-14 22:13:24.728667021,192.168.1.10,151.101.1.140,aa:bb:cc:dd:ee:02,TLS,39456,443,402,64,Encrypted,TLS,TLS 1.3,TLS_CHACHA20_POLY1305_SHA256,ECDHE,STRONG,Normal,0.17256640053247774
1700000140.874474,2023-11-14 22:15:40.874474049,192.168.1.30,1.1.1.1,aa:bb:cc:dd:ee:01,VPN,47373,1194,1414,64,Encrypted,VPN,TLS 1.3,TLS_AES_256_GCM_SHA384,ECDHE,STRONG,Anomaly,-0.03061464754068588
1700000181.071281,2023-11-14 22:16:21.071280956,192.168.1.11,1.1.1.1,aa:bb:cc:dd:ee:03,TLS,11924,443,1432,64,Encrypted,TLS,SSL 2.0,SSL_CK_RC4_128_WITH_MD5,RSA,DEPRECATED,Normal,0.12587967722949023
1700000164.89495,2023-11-14 22:16:04.894949913,10.0.0.5,93.184.216.34,aa:bb:cc:dd:ee:04,HTTP,63081,80,648,64,Unencrypted,HTTP,,,,,Normal,0.09816765929917604
1700000023.308212,2023-11-14 22:13:43.308212042,192.168.1.10,172.217.0.0,aa:bb:cc:dd:ee:01,SSH,41382,22,482,64,Encrypted,SSH,TLS 1.2,TLS_ECDHE_RSA_WITH_AES_128_GCM_SHA256,ECDHE,STRONG,Normal,0.07709839510317162
1700000110.39265,2023-11-14 22:15:10.392649889,10.0.0.5,172.217.0.0,aa:bb:cc:dd:ee:03,HTTP,7091,80,547,64,Unencrypted,HTTP,,,,,Normal,0.10376041190139496
1700000152.274266,2023-11-14 22:15:52.274266005,10.0.0.5,172.217.0.0,aa:bb:cc:dd:ee:01,SSH,30322,22,171,64,Encrypted,SSH,TLS 1.0,TLS_RSA_WITH_DES_CBC_SHA,RSA,WEAK,Normal,0.03554810934477781
1700000059.338813,2023-11-14 22:14:19.338813066,192.168.1.30,151.101.1.140,aa:bb:cc:dd:ee:05,TLS,9965,443,687,64,Encrypted,TLS,TLS 1.0,TLS_RSA_WITH_RC4_128_SHA,RSA,WEAK,Normal,0.17093849624434565
1700000040.788447,2023-11-14 22:14:00.788446903,10.0.0.5,1.1.1.1,aa:bb:cc:dd:ee:04,HTTP,63123,80,68,64,Unencrypted,HTTP,,,,,Normal,0.05214011533438312
1700000170.763396,2023-11-14 22:16:10.763396025,192.168.1.11,172.217.0.0,aa:bb:cc:dd:ee:02,DNS,37780,53,70,64,Unencrypted,DNS,,,,,Normal,0.10734315203126044
1700000051.494766,2023-11-14 22:14:11.494765997,192.168.1.20,8.8.8.8,aa:bb:cc:dd:ee:04,HTTP,59067,80,650,64,Unencrypted,HTTP,,,,,Normal,0.1206837142608096
1700000198.380654,2023-11-14 22:16:38.380654097,192.168.1.10,151.101.1.140,aa:bb:cc:dd:ee:05,TLS,59108,443,208,64,Encrypted,TLS,TLS 1.2,TLS_ECDHE_RSA_WITH_AES_128_GCM_SHA256,ECDHE,STRONG,Normal,0.12396284074455893
1700000035.048351,2023-11-14 22:13:55.048351049,10.0.0.5,172.217.0.0,aa:bb:cc:dd:ee:01,TLS,8378,443,1282,64,Encrypted,TLS,TLS 1.3,TLS_AES_256_GCM_SHA384,ECDHE,STRONG,Normal,0.1533715689799856
1700000051.841867,2023-11-14 22:14:11.841866970,10.0.0.5,8.8.8.8,aa:bb:cc:dd:ee:03,HTTP,30181,80,71,64,Unencrypted,HTTP,,,,,Normal,0.07394902016388694
1700000114.24897,2023-11-14 22:15:14.248970032,10.0.0.5,1.1.1.1,aa:bb:cc:dd:ee:02,SSH,25514,22,769,64,Encrypted,SSH,TLS 1.3,TLS_CHACHA20_POLY1305_SHA256,ECDHE,STRONG,Normal,0.0903307821555136
1700000008.323123,2023-11-14 22:13:28.323122978,192.168.1.20,8.8.8.8,aa:bb:cc:dd:ee:01,TLS,64713,443,99,64,Encrypted,TLS,TLS 1.3,TLS_AES_256_GCM_SHA384,ECDHE,STRONG,Normal,0.08108948075811584
1700000137.809622,2023-11-14 22:15:37.809622049,192.168.1.10,172.217.0.0,aa:bb:cc:dd:ee:02,HTTP,46086,80,251,64,Unencrypted,HTTP,,,,,Normal,0.11958620294035482
1700000135.508237,2023-11-14 22:15:35.508236885,192.168.1.11,172.217.0.0,aa:bb:cc:dd:ee:04,TLS,9885,443,521,64,Encrypted,TLS,TLS 1.3,TLS_AES_128_GCM_SHA256,ECDHE,STRONG,Normal,0.1716230077337857
1700000070.060103,2023-11-14 22:14:30.060102940,10.0.0.5,1.1.1.1,aa:bb:cc:dd:ee:04,HTTP,36743,80,1105,64,Unencrypted,HTTP,,,,,Normal,0.12706148112562599
1700000068.510709,2023-11-14 22:14:28.510709047,192.168.1.10,172.217.0.0,aa:bb:cc:dd:ee:04,TLS,18046,443,1311,64,Encrypted,TLS,TLS 1.3,TLS_AES_256_GCM_SHA384,ECDHE,STRONG,Normal,0.16139090130012768
1700000140.409289,2023-11-14 22:15:40.409288883,192.168.1.30,8.8.8.8,aa:bb:cc:dd:ee:01,DNS,6717,53,70,64,Unencrypted,DNS,,,,,Normal,0.1038989444492101
1700000151.35609,2023-11-14 22:15:51.356090069,192.168.1.10,1.1.1.1,aa:bb:cc:dd:ee:03,HTTP,46571,80,996,64,Unencrypted,HTTP,,,,,Normal,0.13732135038354143
1700000034.325417,2023-11-14 22:13:54.325417042,192.168.1.30,151.101.1.140,aa:bb:cc:dd:ee:05,DNS,29875,53,72,64,Unencrypted,DNS,,,,,Normal,0.07577541738521576
1700000109.210412,2023-11-14 22:15:09.210412025,192.168.1.20,8.8.8.8,aa:bb:cc:dd:ee:01,VPN,31521,1194,568,64,Encrypted,VPN,TLS 1.3,TLS_AES_128_GCM_SHA256,ECDHE,STRONG,Anomaly,-0.0061720783606422636
1700000102.612006,2023-11-14 22:15:02.612005949,192.168.1.10,172.217.0.0,aa:bb:cc:dd:ee:03,TLS,60715,443,414,64,Encrypted,TLS,SSL 3.0,TLS_RSA_WITH_3DES_EDE_CBC_SHA,RSA,WEAK,Normal,0.12257005302826751
1700000188.869112,2023-11-14 22:16:28.869112015,10.0.0.5,151.101.1.140,aa:bb:cc:dd:ee:04,SSH,21143,22,1134,64,Encrypted,SSH,TLS 1.3,TLS_AES_128_GCM_SHA256,ECDHE,STRONG,Normal,0.08524793967933253
1700000143.437228,2023-11-14 22:15:43.437227964,192.168.1.30,8.8.8.8,aa:bb:cc:dd:ee:01,TLS,23206,443,561,64,Encrypted,TLS,TLS 1.2,TLS_ECDHE_RSA_WITH_AES_128_GCM_SHA256,ECDHE,STRONG,Normal,0.1802417822176825
1700000093.735496,2023-11-14 22:14:53.735496044,192.168.1.11,1.1.1.1,aa:bb:cc:dd:ee:04,TLS,31370,443,353,64,Encrypted,TLS,TLS 1.3,TLS_CHACHA20_POLY1305_SHA256,ECDHE,STRONG,Normal,0.17103886106899502
1700000005.155183,2023-11-14 22:13:25.155183077,10.0.0.5,1.1.1.1,aa:bb:cc:dd:ee:02,TLS,47737,443,66,64,Encrypted,TLS,TLS 1.3,TLS_AES_128_GCM_SHA256,ECDHE,STRONG,Normal,0.13268685748758668
1700000171.03838,2023-11-14 22:16:11.038379908,192.168.1.20,8.8.8.8,aa:bb:cc:dd:ee:01,HTTP,49909,80,1203,64,Unencrypted,HTTP,,,,,Normal,0.13003570995614377
1700000048.170546,2023-11-14 22:14:08.170546055,192.168.1.11,172.217.0.0,aa:bb:cc:dd:ee:03,DNS,43340,53,70,64,Unencrypted,DNS,,,,,Normal,0.1165864642087836
1700000176.75813,2023-11-14 22:16:16.758130074,192.168.1.10,8.8.8.8,aa:bb:cc:dd:ee:02,ICMP,0,0,359,64,Unencrypted,ICMP,,,,,Normal,0.019088428179559025
1700000150.830277,2023-11-14 22:15:50.830276966,10.0.0.5,1.1.1.1,aa:bb:cc:dd:ee:02,TLS,38340,443,1500,64,Encrypted,TLS,TLS 1.0,TLS_RSA_WITH_DES_CBC_SHA,RSA,WEAK,Normal,0.09229579246579778
1700000145.278486,2023-11-14 22:15:45.278486013,192.168.1.20,172.217.0.0,aa:bb:cc:dd:ee:05,TLS,32827,443,1275,64,Encrypted,TLS,SSL 2.0,SSL_CK_RC4_128_WITH_MD5,RSA,DEPRECATED,Normal,0.16283031104745188
1700000024.822426,2023-11-14 22:13:44.822426081,192.168.1.10,151.101.1.140,aa:bb:cc:dd:ee:03,TLS,5316,443,518,64,Encrypted,TLS,TLS 1.3,TLS_CHACHA20_POLY1305_SHA256,ECDHE,STRONG,Normal,0.15616501044975278
1700000053.706475,2023-11-14 22:14:13.706475019,192.168.1.30,1.1.1.1,aa:bb:cc:dd:ee:04,TLS,10226,443,140,64,Encrypted,TLS,TLS 1.2,TLS_ECDHE_RSA_WITH_AES_256_GCM_SHA384,ECDHE,STRONG,Normal,0.14448698355488532
1700000039.129736,2023-11-14 22:13:59.129735946,10.0.0.5,151.101.1.140,aa:bb:cc:dd:ee:01,VPN,17773,1194,236,64,Encrypted,VPN,TLS 1.3,TLS_AES_256_GCM_SHA384,ECDHE,STRONG,Anomaly,-0.033813663779011405
1700000195.183406,2023-11-14 22:16:35.183406115,10.0.0.5,1.1.1.1,aa:bb:cc:dd:ee:01,TLS,8459,443,1498,64,Encrypted,TLS,TLS 1.3,TLS_AES_128_GCM_SHA256,ECDHE,STRONG,Normal,0.08779942251110406
1700000021.176486,2023-11-14 22:13:41.176486015,192.168.1.10,93.184.216.34,aa:bb:cc:dd:ee:05,DNS,29833,53,70,64,Unencrypted,DNS,,,,,Normal,0.11402900878908306
1700000089.373018,2023-11-14 22:14:49.373018026,192.168.1.10,8.8.8.8,aa:bb:cc:dd:ee:04,SSH,6158,22,313,64,Encrypted,SSH,TLS 1.0,TLS_RSA_WITH_DES_CBC_SHA,RSA,WEAK,Normal,0.044813216588040494
1700000132.988367,2023-11-14 22:15:32.988367081,192.168.1.30,1.1.1.1,aa:bb:cc:dd:ee:02,SSH,29747,22,758,64,Encrypted,SSH,TLS 1.3,TLS_CHACHA20_POLY1305_SHA256,ECDHE,STRONG,Normal,0.08870537321478811
1700000139.381795,2023-11-14 22:15:39.381794930,192.168.1.30,8.8.8.8,aa:bb:cc:dd:ee:02,TLS,2809,443,619,64,Encrypted,TLS,TLS 1.3,TLS_CHACHA20_POLY1305_SHA256,ECDHE,STRONG,Normal,0.14016847689245993
1700000015.69734,2023-11-14 22:13:35.697340012,10.0.0.5,93.184.216.34,aa:bb:cc:dd:ee:02,SSH,6606,22,798,64,Encrypted,SSH,TLS 1.2,TLS_ECDHE_RSA_WITH_AES_256_GCM_SHA384,ECDHE,STRONG,Normal,0.0691969579344015
1700000145.124328,2023-11-14 22:15:45.124327898,192.168.1.20,151.101.1.140,aa:bb:cc:dd:ee:04,DNS,16894,53,74,64,Unencrypted,DNS,,,,,Normal,0.06196765478065336
1700000094.352847,2023-11-14 22:14:54.352847099,192.168.1.20,8.8.8.8,aa:bb:cc:dd:ee:05,SSH,7985,22,1009,64,Encrypted,SSH,TLS 1.3,TLS_AES_256_GCM_SHA384,ECDHE,STRONG,Normal,0.07113332692962482
1700000147.965403,2023-11-14 22:15:47.965403080,192.168.1.30,172.217.0.0,aa:bb:cc:dd:ee:01,TLS,38278,443,1121,64,Encrypted,TLS,TLS 1.3,TLS_CHACHA20_POLY1305_SHA256,ECDHE,STRONG,Normal,0.17657883897502047
1700000214.164311,2023-11-14 22:16:54.164310932,192.168.1.11,1.1.1.1,aa:bb:cc:dd:ee:03,TLS,50052,443,62,64,Encrypted,TLS,TLS 1.3,TLS_CHACHA20_POLY1305_SHA256,ECDHE,STRONG,Normal,0.13254611573096653
1700000157.553197,2023-11-14 22:15:57.553196907,192.168.1.10,172.217.0.0,aa:bb:cc:dd:ee:02,DNS,43041,53,74,64,Unencrypted,DNS,,,,,Normal,0.07668068089826141
1700000217.002754,2023-11-14 22:16:57.002753973,10.0.0.5,93.184.216.34,aa:bb:cc:dd:ee:01,TLS,50509,443,778,64,Encrypted,TLS,TLS 1.2,TLS_RSA_WITH_AES_256_CBC_SHA256,RSA,MODERATE,Normal,0.16739420559822493
1700000147.297542,2023-11-14 22:15:47.297542095,10.0.0.5,93.184.216.34,aa:bb:cc:dd:ee:02,HTTP,38092,80,728,64,Unencrypted,HTTP,,,,,Normal,0.13364547194084908
1700000181.195789,2023-11-14 22:16:21.195789099,192.168.1.11,8.8.8.8,aa:bb:cc:dd:ee:04,FTP,26418,21,405,64,Unencrypted,FTP,,,,,Normal,0.04228295327134979
1700000053.799648,2023-11-14 22:14:13.799648046,10.0.0.5,8.8.8.8,aa:bb:cc:dd:ee:02,TLS,14664,443,695,64,Encrypted,TLS,TLS 1.3,TLS_AES_256_GCM_SHA384,ECDHE,STRONG,Normal,0.17571038105155284
1700000005.523763,2023-11-14 22:13:25.523762941,192.168.1.20,8.8.8.8,aa:bb:cc:dd:ee:02,HTTP,61967,80,276,64,Unencrypted,HTTP,,,,,Normal,0.08572659718874664
1700000094.8476,2023-11-14 22:14:54.847599983,10.0.0.5,93.184.216.34,aa:bb:cc:dd:ee:01,TLS,16070,443,1500,64,Encrypted,TLS,TLS 1.0,TLS_RSA_WITH_DES_CBC_SHA,RSA,WEAK,Normal,0.10174536327343509
1700000192.017736,2023-11-14 22:16:32.017735958,192.168.1.20,151.101.1.140,aa:bb:cc:dd:ee:02,TLS,9624,443,1202,64,Encrypted,TLS,TLS 1.3,TLS_AES_256_GCM_SHA384,ECDHE,STRONG,Normal,0.16389398862253246
1700000075.004409,2023-11-14 22:14:35.004409075,192.168.1.11,1.1.1.1,aa:bb:cc:dd:ee:03,HTTP,54374,80,924,64,Unencrypted,HTTP,,,,,Normal,0.12858453530468034
1700000219.679278,2023-11-14 22:16:59.679277897,10.0.0.5,1.1.1.1,aa:bb:cc:dd:ee:03,VPN,41900,1194,1201,64,Encrypted,VPN,TLS 1.3,TLS_AES_256_GCM_SHA384,ECDHE,STRONG,Anomaly,-0.017467022216875905
1700000084.436201,2023-11-14 22:14:44.436201096,10.0.0.5,8.8.8.8,aa:bb:cc:dd:ee:05,SSH,15498,22,402,64,Encrypted,SSH,TLS 1.3,TLS_CHACHA20_POLY1305_SHA256,ECDHE,STRONG,Normal,0.07846389000549192
1700000086.471721,2023-11-14 22:14:46.471720934,192.168.1.10,172.217.0.0,aa:bb:cc:dd:ee:01,TLS,18069,443,1331,64,Encrypted,TLS,TLS 1.2,TLS_ECDHE_RSA_WITH_AES_256_GCM_SHA384,ECDHE,STRONG,Normal,0.15940288707467332
1700000071.838275,2023-11-14 22:14:31.838274956,192.168.1.11,93.184.216.34,aa:bb:cc:dd:ee:02,TLS,63522,443,390,64,Encrypted,TLS,TLS 1.3,TLS_AES_256_GCM_SHA384,ECDHE,STRONG,Normal,0.10628991445461733
1700000087.191963,2023-11-14 22:14:47.191962957,192.168.1.11,172.217.0.0,aa:bb:cc:dd:ee:02,DNS,45303,53,70,64,Unencrypted,DNS,,,,,Normal,0.11201835549412364
1700000149.345312,2023-11-14 22:15:49.345312119,10.0.0.5,93.184.216.34,aa:bb:cc:dd:ee:04,TLS,63078,443,724,64,Encrypted,TLS,TLS 1.3,TLS_AES_256_GCM_SHA384,ECDHE,STRONG,Normal,0.10949768854048492
1700000073.084907,2023-11-14 22:14:33.084907055,192.168.1.11,1.1.1.1,aa:bb:cc:dd:ee:01,TLS,34093,443,214,64,Encrypted,TLS,TLS 1.2,TLS_RSA_WITH_AES_256_CBC_SHA256,RSA,MODERATE,Normal,0.16099220652961255
1700000067.702696,2023-11-14 22:14:27.702696085,192.168.1.10,93.184.216.34,aa:bb:cc:dd:ee:04,DNS,14242,53,74,64,Unencrypted,DNS,,,,,Normal,0.05962612286984914
1700000099.494127,2023-11-14 22:14:59.494127035,192.168.1.10,1.1.1.1,aa:bb:cc:dd:ee:04,TLS,13284,443,1013,64,Encrypted,TLS,TLS 1.3,TLS_AES_256_GCM_SHA384,ECDHE,STRONG,Normal,0.1814669031146911
1700000146.843343,2023-11-14 22:15:46.843343019,192.168.1.20,8.8.8.8,aa:bb:cc:dd:ee:01,ICMP,0,0,1100,64,Unencrypted,ICMP,,,,,Normal,0.05086499167250358
1700000167.341988,2023-11-14 22:16:07.341988087,192.168.1.11,1.1.1.1,aa:bb:cc:dd:ee:02,DNS,44039,53,70,64,Unencrypted,DNS,,,,,Normal,0.11680050497902095
1700000016.454461,2023-11-14 22:13:36.454461098,10.0.0.5,172.217.0.0,aa:bb:cc:dd:ee:02,TLS,48461,443,336,64,Encrypted,TLS,TLS 1.3,TLS_CHACHA20_POLY1305_SHA256,ECDHE,STRONG,Normal,0.16338376025231494
1700000142.870806,2023-11-14 22:15:42.870805979,192.168.1.30,151.101.1.140,aa:bb:cc:dd:ee:05,SSH,11431,22,996,64,Encrypted,SSH,TLS 1.2,TLS_ECDHE_RSA_WITH_AES_256_GCM_SHA384,ECDHE,STRONG,Normal,0.08334036555671487
1700000100.319176,2023-11-14 22:15:00.319175959,192.168.1.10,1.1.1.1,aa:bb:cc:dd:ee:05,TLS,7369,443,490,64,Encrypted,TLS,TLS 1.3,TLS_AES_128_GCM_SHA256,ECDHE,STRONG,Normal,0.1684580247281362
1700000155.432399,2023-11-14 22:15:55.432399035,192.168.1.10,172.217.0.0,aa:bb:cc:dd:ee:02,FTP,6671,21,959,64,Unencrypted,FTP,,,,,Normal,0.055971739545880084
1700000120.885339,2023-11-14 22:15:20.885339022,192.168.1.30,172.217.0.0,aa:bb:cc:dd:ee:02,HTTP,61256,80,1020,64,Unencrypted,HTTP,,,,,Normal,0.09429823662215775
1700000217.09332,2023-11-14 22:16:57.093319893,10.0.0.5,1.1.1.1,aa:bb:cc:dd:ee:02,TLS,11600,443,1095,64,Encrypted,TLS,TLS 1.3,TLS_CHACHA20_POLY1305_SHA256,ECDHE,STRONG,Normal,0.1732363176538867
1700000091.498806,2023-11-14 22:14:51.498806000,192.168.1.30,172.217.0.0,aa:bb:cc:dd:ee:05,DNS,1964,53,70,64,Unencrypted,DNS,,,,,Normal,0.05346956016510496
1700000201.199008,2023-11-14 22:16:41.199007988,192.168.1.11,8.8.8.8,aa:bb:cc:dd:ee:01,FTP,4843,21,189,64,Unencrypted,FTP,,,,,Normal,0.033564484702884645
1700000198.825058,2023-11-14 22:16:38.825057983,192.168.1.10,93.184.216.34,aa:bb:cc:dd:ee:04,ICMP,0,0,884,64,Unencrypted,ICMP,,,,,Normal,0.0532465151802336
1700000224.114596,2023-11-14 22:17:04.114595890,192.168.1.10,1.1.1.1,aa:bb:cc:dd:ee:05,TLS,62717,443,1131,64,Encrypted,TLS,TLS 1.3,TLS_CHACHA20_POLY1305_SHA256,ECDHE,STRONG,Normal,0.11545225019666572
1700000018.900773,2023-11-14 22:13:38.900773048,192.168.1.30,172.217.0.0,aa:bb:cc:dd:ee:01,HTTP,12794,80,857,64,Unencrypted,HTTP,,,,,Normal,0.12201465070632705
1700000041.395939,2023-11-14 22:14:01.395939112,192.168.1.11,172.217.0.0,aa:bb:cc:dd:ee:01,DNS,47427,53,70,64,Unencrypted,DNS,,,,,Normal,0.11137578169396423
1700000117.161466,2023-11-14 22:15:17.161465883,192.168.1.30,151.101.1.140,aa:bb:cc:dd:ee:05,TLS,49830,443,866,64,Encrypted,TLS,TLS 1.0,TLS_RSA_WITH_RC4_128_SHA,RSA,WEAK,Normal,0.16658080635464523
1700000115.930379,2023-11-14 22:15:15.930378914,192.168.1.10,93.184.216.34,aa:bb:cc:dd:ee:01,HTTP,6440,80,1298,64,Unencrypted,HTTP,,,,,Normal,0.07300915115993967
1700000228.199079,2023-11-14 22:17:08.199079037,192.168.1.30,93.184.216.34,aa:bb:cc:dd:ee:02,HTTP,14572,80,470,64,Unencrypted,HTTP,,,,,Normal,0.1119136385660543
1700000193.443925,2023-11-14 22:16:33.443924904,192.168.1.11,1.1.1.1,aa:bb:cc:dd:ee:03,TLS,25754,443,1069,64,Encrypted,TLS,TLS 1.3,TLS_AES_256_GCM_SHA384,ECDHE,STRONG,Normal,0.18144491712001726
1700000096.303118,2023-11-14 22:14:56.303117990,192.168.1.20,8.8.8.8,aa:bb:cc:dd:ee:03,DNS,7648,53,72,64,Unencrypted,DNS,,,,,Normal,0.07007188000854048
1700000021.788322,2023-11-14 22:13:41.788321972,192.168.1.30,1.1.1.1,aa:bb:cc:dd:ee:02,TLS,35768,443,463,64,Encrypted,TLS,TLS 1.2,TLS_ECDHE_RSA_WITH_AES_256_GCM_SHA384,ECDHE,STRONG,Normal,0.1767646914905624
1700000178.471763,2023-11-14 22:16:18.471762896,10.0.0.5,172.217.0.0,aa:bb:cc:dd:ee:05,TLS,55832,443,1090,64,Encrypted,TLS,TLS 1.3,TLS_AES_256_GCM_SHA384,ECDHE,STRONG,Normal,0.1483756902990887
1700000113.473403,2023-11-14 22:15:13.473402977,192.168.1.30,172.217.0.0,aa:bb:cc:dd:ee:02,TLS,7620,443,809,64,Encrypted,TLS,TLS 1.3,TLS_AES_128_GCM_SHA256,ECDHE,STRONG,Normal,0.17318143788159923
1700000205.780713,2023-11-14 22:16:45.780713081,192.168.1.10,151.101.1.140,aa:bb:cc:dd:ee:04,TLS,23199,443,897,64,Encrypted,TLS,TLS 1.2,TLS_ECDHE_RSA_WITH_AES_256_GCM_SHA384,ECDHE,STRONG,Normal,0.19071257027607502
1700000108.717469,2023-11-14 22:15:08.717468977,192.168.1.30,8.8.8.8,aa:bb:cc:dd:ee:02,TLS,9040,443,1056,64,Encrypted,TLS,TLS 1.3,TLS_AES_128_GCM_SHA256,ECDHE,STRONG,Normal,0.1710191495865367
1700000239.080507,2023-11-14 22:17:19.080507040,192.168.1.30,1.1.1.1,aa:bb:cc:dd:ee:04,ICMP,0,0,568,64,Unencrypted,ICMP,,,,,Normal,0.03488525489152139
1700000050.378683,2023-11-14 22:14:10.378683090,192.168.1.20,172.217.0.0,aa:bb:cc:dd:ee:02,TLS,24076,443,441,64,Encrypted,TLS,TLS 1.3,TLS_AES_128_GCM_SHA256,ECDHE,STRONG,Normal,0.18145236707405155
1700000083.353606,2023-11-14 22:14:43.353605986,192.168.1.30,8.8.8.8,aa:bb:cc:dd:ee:04,HTTP,50660,80,75,64,Unencrypted,HTTP,,,,,Normal,0.07206951083676771
1700000012.344764,2023-11-14 22:13:32.344763994,10.0.0.5,151.101.1.140,aa:bb:cc:dd:ee:05,HTTP,7172,80,836,64,Unencrypted,HTTP,,,,,Normal,0.1100792281775479
1700000081.736511,2023-11-14 22:14:41.736510992,192.168.1.11,1.1.1.1,aa:bb:cc:dd:ee:01,TLS,23944,443,1378,64,Encrypted,TLS,TLS 1.2,TLS_ECDHE_RSA_WITH_AES_128_GCM_SHA256,ECDHE,STRONG,Normal,0.15542456966229612
1700000016.186615,2023-11-14 22:13:36.186614990,10.0.0.5,151.101.1.140,aa:bb:cc:dd:ee:04,HTTP,19306,80,394,64,Unencrypted,HTTP,,,,,Normal,0.10724523363504934
1700000086.428436,2023-11-14 22:14:46.428436041,192.168.1.30,8.8.8.8,aa:bb:cc:dd:ee:05,TLS,41856,443,659,64,Encrypted,TLS,TLS 1.3,TLS_AES_256_GCM_SHA384,ECDHE,STRONG,Normal,0.17380311295075307
1700000197.199091,2023-11-14 22:16:37.199090958,192.168.1.10,93.184.216.34,aa:bb:cc:dd:ee:05,TLS,3541,443,406,64,Encrypted,TLS,TLS 1.3,TLS_CHACHA20_POLY1305_SHA256,ECDHE,STRONG,Normal,0.1447253408244712
1700000098.260145,2023-11-14 22:14:58.260144949,10.0.0.5,151.101.1.140,aa:bb:cc:dd:ee:05,TLS,21390,443,487,64,Encrypted,TLS,SSL 2.0,SSL_CK_RC4_128_WITH_MD5,RSA,DEPRECATED,Normal,0.17762905438366078
1700000029.564348,2023-11-14 22:13:49.564347982,192.168.1.20,172.217.0.0,aa:bb:cc:dd:ee:01,HTTP,6170,80,451,64,Unencrypted,HTTP,,,,,Normal,0.09489109196664303
1700000108.308991,2023-11-14 22:15:08.308990955,192.168.1.11,151.101.1.140,aa:bb:cc:dd:ee:01,HTTP,27106,80,770,64,Unencrypted,HTTP,,,,,Normal,0.12770855430018502
1700000242.677662,2023-11-14 22:17:22.677661896,192.168.1.10,151.101.1.140,aa:bb:cc:dd:ee:05,TLS,15663,443,868,64,Encrypted,TLS,SSL 2.0,SSL_CK_RC4_128_WITH_MD5,RSA,DEPRECATED,Normal,0.18362805784664005
1700000152.056881,2023-11-14 22:15:52.056880951,192.168.1.11,151.101.1.140,aa:bb:cc:dd:ee:05,ICMP,0,0,550,64,Unencrypted,ICMP,,,,,Normal,0.03209743215180316
1700000043.041901,2023-11-14 22:14:03.041901112,192.168.1.30,93.184.216.34,aa:bb:cc:dd:ee:02,HTTP,45872,80,283,64,Unencrypted,HTTP,,,,,Normal,0.12740290578532598
1700000023.929909,2023-11-14 22:13:43.929908991,192.168.1.11,8.8.8.8,aa:bb:cc:dd:ee:05,TLS,23593,443,741,64,Encrypted,TLS,TLS 1.3,TLS_AES_256_GCM_SHA384,ECDHE,STRONG,Normal,0.18752323164694062
1700000202.996294,2023-11-14 22:16:42.996294022,192.168.1.11,151.101.1.140,aa:bb:cc:dd:ee:01,TLS,21788,443,366,64,Encrypted,TLS,TLS 1.3,TLS_AES_256_GCM_SHA384,ECDHE,STRONG,Normal,0.1680124817303163
1700000184.33377,2023-11-14 22:16:24.333770037,192.168.1.30,151.101.1.140,aa:bb:cc:dd:ee:02,TLS,30414,443,971,64,Encrypted,TLS,TLS 1.3,TLS_AES_128_GCM_SHA256,ECDHE,STRONG,Normal,0.1831816127746917
1700000200.861542,2023-11-14 22:16:40.861541986,192.168.1.10,172.217.0.0,aa:bb:cc:dd:ee:04,HTTP,40859,80,1423,64,Unencrypted,HTTP,,,,,Normal,0.09501803312377721
1700000082.148376,2023-11-14 22:14:42.148375988,192.168.1.20,172.217.0.0,aa:bb:cc:dd:ee:03,FTP,4508,21,1239,64,Unencrypted,FTP,,,,,Normal,0.043031463332199205
1700000211.219653,2023-11-14 22:16:51.219652891,192.168.1.10,1.1.1.1,aa:bb:cc:dd:ee:03,TLS,1599,443,131,64,Encrypted,TLS,TLS 1.0,TLS_RSA_WITH_RC4_128_SHA,RSA,WEAK,Normal,0.09766598733244813
1700000057.307631,2023-11-14 22:14:17.307631016,10.0.0.5,151.101.1.140,aa:bb:cc:dd:ee:03,HTTP,59490,80,659,64,Unencrypted,HTTP,,,,,Normal,0.12083631101924042
